Tamazight,target_string,Tamazight_Latin,Tamazight_Arabic,English
ⴰⴱⵔⵔⵣ ⵏ ⵢⵉⵅⵔⴼⵉⵢⵏ ⵖⵉⵔ ⵣⵣⵉ ⵜⵕⵥⵥⵉⵜ ⵏ ⵡⴰⵛⵛⴰⵡⵏ,تناطح الأكباش يؤدي إلى كسر قرونها.,abrrz n yikhrfiyn ghir zzi tṛẓẓit n washshawn,ابررز ن ييخرفيين غير ززي ترزّزّيت ن واششاون,The rams' butting leads to the breaking of their horns.
"ⴰⴷ ⴰⵏⵖ ⵢⵢ ⵕⴱⴱⵉ ⵍⴼⵍⵓⵙ ⴷⵉ ⵊⵊⵉⴱ, ⵉⵍⵉⴷ ⴷⴳ ⵡⵓⵍ",يا رب اجعل  النقود في جيوبنا لا في قلوبنا.,"ad angh yy ṛbbi lflus di jjib, ilid dg wul","اد انغ يي رببي لفلوس دي ججيب, يليد دڭ وول","O Lord, make money in our pockets, not in our hearts."
ⴰⴷⴼⵍ ⵓⵔ ⴷⴰⴳ-ⵙ ⵉⵍⵍⵉ ⵡⵣⵇⵇⴰⵍ,الثلج لا يوجد فيه الدافئ.,adfl ur dag-s illi wzqqal,ادفل ور داڭ-س يللي وزققال,Snow does not have warmth.
"ⴰⴷ ⵎⵍⵛⵖ ⵉ ⵄⵛⵔⴰ, ⵡⴰⵍⴰ ⵎⵍⵛⵖ ⵉ ⵄⵉⵛⴰ",سأزوج عشرة ولا زوجت عائشة.,"ad mlshgh i 3shra, wala mlshgh i 3isha","اد ملشغ ي عشرا, والا ملشغ ي عيشا","""I would marry ten (women) and not marry Aisha."""
ⴰⴷ ⵜⵔⵓ ⵢⵎⵎⴰ-ⵙ ⵢⵉⴼ ⵎⴰ ⵢⴰⴷ ⵜⵔⵓ ⵢⵎⵎⴰ,تبكي أمه أفضل من أن تبكي أمي.,ad tru ymma-s yif ma yad tru ymma,اد ترو يمما-س ييف ما ياد ترو يمما,"""Better his mother cries than my mother."""
ⴰⵖⵉⵎⵉ ⵡⵔ ⵉⵍⵍⵉ ⵖⵔ ⵜⵣⵉⵣⵡⴰ,لا جلوس عند النحل.,aghimi wr illi ghr tzizwa,اغيمي ور يللي غر تزيزوا,No sitting near the bees.
ⴰⵖⵉⵎⵉ ⵢⵙⵙⵖⴰⵔⴰ ⵢⵉⵎⵉ,الجلوس (عاطل عن العمل) يجفف الفم.,aghimi yssghara yimi,اغيمي يسسغارا ييمي,"""Being idle (unemployed) dries the mouth."""
"ⴰⵖⵕⵓⵎ ⵉⵏⵓ ⴷⴳ ⵓⵄⴷⵉⵍ ⵉⵏⵓ, ⵓⵔ ⵉⵙⵍⵍ ⵃⴷⴷ ⵉ ⵢⵖⵓⵢⵢⴰⵏ ⵉⵏⵓ",خبزي في مزودي لم يسمع أحد لصرخاتي.,"aghṛum inu dg u3dil inu, ur isll ḥdd i yghuyyan inu","اغروم ينو دڭ وعديل ينو, ور يسلل حدد ي يغوييان ينو","""My bread is in my basket, yet no one heard my cries."""
"ⴰⵖⵓⴷⵉ ⵅ ⵓⵍⵉⵍⵉ, ⵏⵜⵜⴰ ⴷ ⴰⵎⵃⵃⵉⵕⵕⵓ",الجمال على نبات الدفلى لكنه مر.,"aghudi kh ulili, ntta d amḥḥiṛṛu","اغودي خ وليلي, نتتا د امححيررو","""Beauty is on the oleander plant, but it is bitter."""
"ⴰⵖⵢⵓⵍ ⵉⵏⵓ ⴷⴰ, ⵜⵉⵙⵛⵔⵙⵜ ⵏⵏⵙ ⴷⵉ ⴼⴰⵙ",حماري هنا، لكن مربطه في فاس.,"aghyul inu da, tisshrst nns di fas","اغيول ينو دا, تيسشرست ننس دي فاس","""My donkey is here, but its tether is in Fez."""
"ⴰⵃⵃ ⴷⴳ ⵡⵓⵍ, ⴰⵎⵎⴰ ⴼⵓⴷ ⵉⵍⵍⴰ ⵢⴳⴳⵓⵔ",الأسى في القلب أما الركبة فتسير.,"aḥḥ dg wul, amma fud illa yggur","احح دڭ وول, امما فود يللا يڭڭور","Sorrow is in the heart, but the knee keeps moving."
ⴰⵊⵟⵉⵟ ⴷⴳ ⴼⵓⵙ ⵢⵉⴼ ⵣⵣⵉ ⵄⵛⵔⴰ ⴷⵉ ⵜⵛⵊⵓⵔⵜ,عصفور في اليد أفضل من عشرة في الشجرة.,ajṭiṭ dg fus yif zzi 3shra di tshjurt,اجطيط دڭ فوس ييف ززي عشرا دي تشجورت,A bird in the hand is better than ten in the tree.
"ⴰⴽⵙⵓⵎ ⵉⵎⵛ ⵉⵄⵟⵍ, ⵉⵜⵜⴳⴳ ⵔⵔⵉⵃⵜ",اللحم عندما يتأخر (يحتفظ به) يترك رائحة كريهة.,"aksum imsh i3ṭl, ittgg rriḥt","اكسوم يمش يعطل, يتتڭڭ رريحت","Meat, when left for too long (stored), develops a bad smell."
"ⴰⴽⵛⵛⵓⵟ ⵏ ⵖⴰ ⵜⵃⵇⵔⵜ, ⴰⴷ ⵜ ⵛ ⵉⵙⵙⴷⵔⵖⵍ",العود الذي ستحتقره، سيعميك.,"akshshuṭ n gha tḥqrt, ad t sh issdrghl","اكششوط ن غا تحقرت, اد ت ش يسسدرغل",The stick you disdain will blind you.
ⴰⵍⵖⵎ ⴰⵎⵍⵍⴰⵍ ⵉⵍⵉⴷ ⵇⴰⵄ ⴷ ⵜⴰⴷⵓⵏⵜ,الجمل الأبيض ليس كله دهن (شحم).,alghm amllal ilid qa3 d tadunt,الغم امللال يليد قاع د تادونت,The white camel is not all fat (grease).
ⴰⵍⵖⵎ ⵉⵜⵜⵇⵇⵍ ⵖⵉⵔ ⵜⴰⵄⵔⵓⵔⵜ ⵏ ⵓⵎⴰ-ⵙ,الجمل لا يرى سوى سنام أخيه.,alghm ittqql ghir ta3rurt n uma-s,الغم يتتققل غير تاعرورت ن وما-س,The camel sees only the hump of its brother.
ⴰⵍ ⵜⴰⵕⵡ ⵜⵎⵓⵛⵛⵡⵜ ⴰ ⵖⴰ ⵜⴰⵄⵄⵔ,حتى تنجب القطة تصبح شرسة.,al taṛw tmushshwt a gha ta33r,ال تارو تموششوت ا غا تاععر,"Until the cat gives birth, it becomes fierce."
ⴰⵎⴰⵏ ⵜⵜⴽⴽⵙⵏ ⵊⴷⴰⵎ,الماء يزيل مرض الجذام.,aman ttkksn jdam,امان تتككسن جدام,Water cures leprosy.
"ⴰⵎ ⵃⵎⵎⵓ, ⴰⵎ ⵜⴰⵎⵎⵓ",مثل حمو مثل تمو.,"am ḥmmu, am tammu","ام حممو, ام تاممو","""Like Hamo, like Tamo."" 

(Note: This phrase appears to be a colloquial expression or proverb. Its exact meaning may depend on cultural or regional context.)"
"ⴰⵎ ⵉⵎⵏⴷⵉ, ⴰⵏⵉ ⵜ ⵎⵎⴰ ⵜⵉⵔⵉⵜ ⵜ ⴰⴷ ⵉⵖⵎⵢ",كالشعير أينما رميته سينبت.,"am imndi, ani t mma tirit t ad ighmy","ام يمندي, اني ت مما تيريت ت اد يغمي","""Like barley, wherever you throw it, it will grow."""
"ⴰⵎⴽⵙⴰ ⵢⴰⵙ ⴰⴷ ⵉⵇⵇⵉⵎ ⴼⴰⵔⵖ ⵛⵛⵖⵍ, ⵉⵇⵟⵟⵡ ⵜⵉⵙⵉⵍⴰ ⵏⵏⵙ",الراعي عندما يبقى بدون عمل يمزق نعاله.,"amksa yas ad iqqim fargh shshghl, iqṭṭw tisila nns","امكسا ياس اد يققيم فارغ ششغل, يقططو تيسيلا ننس","""The shepherd, when left without work, tears his sandals."""
"ⴰⵎ ⵏⵏ ⵎⵎⴰ ⵜⵉⵏⵏⵢⵜ ⴰⵔⴳⴰⵣ, ⵉⵙⵉⵏ ⴷ ⵜⴰⵎⵟⵟⵓⵟⵜ",كيفما رأيت الرجل فاعلم بأنها المرأة.,"am nn mma tinnyt argaz, isin d tamṭṭuṭt","ام نن مما تيننيت ارڭاز, يسين د تامططوطت","However you see the man, know that it is the woman."
ⴰⵎⵏⵙⵉ ⵢⴰⵡⵃⴷⵉ ⵢⵜⵜⵏⴻⵏⵏⴰ ⵖⵔ ⵍⵄⴰⵚⵔ,العشاء الجيد يطبخ عصرا.,amnsi yawḥdi yttnenna ghr l3aṣr,امنسي ياوحدي يتتن°ننا غر لعاصر,A good dinner is cooked in the afternoon.
ⴰⵎⵇⵇⵔⴰⵏ ⵏⵏⵙⵏ ⴷ ⴰⴼⵖⵓⵍ ⵏⵏⵙⵏ,كبيرهم أحمقهم.,amqqran nnsn d afghul nnsn,امققران ننسن د افغول ننسن,Their leader is their most foolish.
ⴰⵎⵇⵇⵔⴰⵏ ⵏ ⵓⵄⴷⴷⵉⵙ ⵉⵜⴻⵜⵜ ⵉⵜⵜ ⵇⴰⵄ ⵏⵖ ⵉⵜⵜⴷⵊⴰ ⵜⵜ ⵇⴰⵄ,كبير البطن إما يأكلها كلها أو يتركها كلها.,amqqran n u3ddis itett itt qa3 ngh ittdja tt qa3,امققران ن وعدديس يت°تت يتت قاع نغ يتتدجا تت قاع,A big-bellied person either eats it all or leaves it all.
ⴰⵎⵔⵡⴰⵙ ⵉⵜⵜⴱⴷⴷⴰ ⴷⵉ ⵜⵡⵡⵓⵔⵜ  ⵏ ⵔⵔⵣⵇ,الدين يقف في باب الرزق.,amrwas ittbdda di twwurt  n rrzq,امرواس يتتبددا دي تووورت  ن ررزق,Religion stands at the door of sustenance.
"ⴰⵎⵛⵍⵉ ⵏ ⵡⴰⵣⵜⵛⴰ, ⵉⵜⵜⵏⴻⵏⵏⴰ ⵅ ⵢⵉⵟ",غداء الغد يطبخ ليلا.,"amshli n waztsha, ittnenna kh yiṭ","امشلي ن وازتشا, يتتن°ننا خ ييط",Tomorrow's lunch is being cooked at night.
ⴰⵎ ⵜⴰⵎⴻⵎⵜ ⵏ ⵓⵣⵉⵔ ⵣⵎⴰⵏ,كعسل نبات إكليل الجبل سابقا.,am tamemt n uzir zman,ام تام°مت ن وزير زمان,"""Like the honey of the rosemary plant previously."""
ⴰⵎ ⵜⵃⵔⵉⵔⵜ ⵅ ⵓⴼⵔⴰⴳ,كالحساء على السياج.,am tḥrirt kh ufrag,ام تحريرت خ وفراڭ,"""Like soup on a fence."""
ⴰⵎ ⵜⵉⵊⵏⴰⵡ ⴱⵍⴰ ⵢⴰⴷⵊⴰⵊⵏ,كالعواصف بدون رعود.,am tijnaw bla yadjajn,ام تيجناو بلا يادجاجن,Like storms without thunder.
ⴰⵎ ⵜⵔⵉⵛⵜ ⵅ ⵓⵄⴱⴱⵓⵣ,كالسرج على العجل.,am trisht kh u3bbuz,ام تريشت خ وعببوز,"""Like a saddle on a wheel."""
ⴰⵎ ⵜⵣⵉⵣⵡⴰ ⵜⴰ ⵜⵜⵍⵍⵖ ⵜⴰ,كالنحل واحدة تلعق الأخرى.,am tzizwa ta ttllgh ta,ام تزيزوا تا تتللغ تا,"""Like bees, one licks the other."""
ⴰⵎ ⵓⴱⵍⴱⵓⵍ ⵓⵎⵓⵛⵛ,ككسكس (بلبولة) القط.,am ublbul umushsh,ام وبلبول وموشش,"It seems the sentence contains unclear or repeated characters (""ككسكس"") that might not form a standard word or phrase in Arabic. However, the part ""(بلبولة) القط"" translates to ""(Balbula) the cat."" If you'd like, could you clarify or provide more context?"
ⴰⵎ ⵓⵖⵎⵎⵓⵢ ⵅ ⵢⵉⵎⵉ ⵏ ⵜⵔⴳⴰ,كالنبات على جانب الساقية.,am ughmmuy kh yimi n trga,ام وغمموي خ ييمي ن ترڭا,"""Like the plant by the side of the stream."""
ⴰⵎ ⵓⵇⵣⵉⵏ ⴷⴳ ⴱⵔⵔⵓ,كالكلب في سرب الجراد.,am uqzin dg brru,ام وقزين دڭ بررو,"""Like a dog among a swarm of locusts."""
ⴰⵎ ⵓⵟⵉⵍ ⴷⴳ ⵙⴰⵛⵓ,كالعنب في وعاء من الصوف.,am uṭil dg sashu,ام وطيل دڭ ساشو,"""Like grapes in a bowl of wool."""
ⴰⵎ ⵓⵢⵓⵔ ⵏ ⵍⵄⵉⴷ,كهلال العيد.,am uyur n l3id,ام ويور ن لعيد,Like the crescent of Eid.
ⴰⵎ ⵡⴰⵎⴰⵏ ⵅ ⵢⵉⵥⵕⴰ,كالماء على الصخور.,am waman kh yiẓṛa,ام وامان خ ييزّرا,Like water on rocks.
ⴰⵎ ⵡⴰⵕⴰ ⵏ ⵜⴰⵛⵏⵉⵡⵉⵏ,كأبناء الضرات.,am waṛa n tashniwin,ام وارا ن تاشنيوين,"""Like the children of co-wives."""
ⴰⵎ ⵡⵏⵏ ⵉⴼⴼⴰⵍⵏ ⴰⵥⵟⵟⴰ,كالذي يعد المنسج.,am wnn iffaln aẓṭṭa,ام ونن يففالن ازّططا,"""Like someone who prepares the loom."""
ⴰⵎ ⵡⵏⵏ ⵉⵍⵇⵇⵟⵏ ⴰⵎⴰⵏ ⵙ ⵓⵥⵉⵡ,كالذي يجمع الماء بليف الحلفاء.,am wnn ilqqṭn aman s uẓiw,ام ونن يلققطن امان س وزّيو,"""Like someone trying to collect water with a straw basket."""
ⴰⵎ ⵡⵏⵏ ⵉⵇⵇⵉⵎⵏ ⵅ ⵉⵙⵏⵏⴰⵏⵏ,كالذي يجلس على الشوك.,am wnn iqqimn kh isnnann,ام ونن يققيمن خ يسننانن,"""Like someone sitting on thorns."""
ⴰⵎ ⵡⵏⵏ ⵉⵔⵣⵣⵓⵏ ⵅ ⵜⵅⵉⵢⵢⴰⵟⵜ ⴷⴳ ⵍⵓⵎ,كالذي يبحث عن الإبرة في التبن.,am wnn irzzun kh tkhiyyaṭt dg lum,ام ونن يرززون خ تخييياطت دڭ لوم,"""Like someone searching for a needle in a haystack."""
ⴰⵎ ⵡⵏⵏ ⵉⵙⵙⵉⵃⵎⴰⵏ ⴰⵎⴰⵏ ⵙ ⵓⵥⵉⵡ,كالذي يسخن الماء بليف الحلفاء.,am wnn issiḥman aman s uẓiw,ام ونن يسسيحمان امان س وزّيو,"""Like someone trying to heat water with esparto grass fibers.""  
(An Arabic proverb implying futile or ineffective effort.)"
ⴰⵎ ⵡⵏⵏ ⵉⵛⵟⵟⵃⵏ ⵉ ⵡⴷⵔⵖⴰⵍ,كالذي يرقص للأعمى.,am wnn ishṭṭḥn i wdrghal,ام ونن يشططحن ي ودرغال,"""Like someone dancing for a blind person."""
ⴰⵎ ⵡⵏⵏ ⵉⵜⵜⴼⴼⵥⵏ ⴰⵙⵍⵖⴰⵖ ⵏ ⵓⵇⵉⵕⵕⵊ,"كالذي يمضغ علكة "" قرج"" (نبات غابوي له جذور بيضاء يشبه الجزرة الصغيرة، بعد مضغه يتحول المعجون إلى علكة).",am wnn ittffẓn aslghagh n uqiṛṛj,ام ونن يتتففزّن اسلغاغ ن وقيررج,"""Like someone chewing 'Qaraj' (a forest plant with white roots resembling a small carrot, which turns into gum after being chewed)."""
ⴰⵎ ⵡⵏⵏ ⵉⵜⴳⴳⵏ ⵍⵃⵏⵏⵉ ⵅ ⵔⵜⵛⵉ,كالذي يضع الحناء على الوسخ.,am wnn itggn lḥnni kh rtshi,ام ونن يتڭڭن لحنني خ رتشي,"""Like someone who applies henna over dirt."""
ⴰⵎ ⵡⵏⵏ ⵉⵜⵜⴽⴱⴱⴰⵏ ⴷⴳ ⵓⵙⵓⴼ,كالذي يصب في النهر.,am wnn ittkbban dg usuf,ام ونن يتتكببان دڭ وسوف,"""Like pouring into the river."""
ⴰⵎ ⵡⵏⵏ ⵉⵜⵜⵛⴰ ⵡⵇⵣⵉⵏ,كالذي أكله الكلب.,am wnn ittsha wqzin,ام ونن يتتشا وقزين,"""Like something that was eaten by the dog."""
ⴰⵎ ⵡⵏⵏ ⵉⵥⵥⵓⵖⵖⵓⵕⵏ ⵎⵓⵛⵛ ⴷⴳ ⵓⵊⵔⵜⵉⵍ,كالذي يجر القط على الحصيرة.,am wnn iẓẓughghuṛn mushsh dg ujrtil,ام ونن يزّزّوغغورن موشش دڭ وجرتيل,"""Like someone dragging a cat on a mat."""
ⴰⵎ ⵡⵏⵏ ⵛⵓⵟⵟⴰⵏ ⵉⵊⵓⴷⴰⵔ,كالذي اختطفته العقبان.,am wnn shuṭṭan ijudar,ام ونن شوططان يجودار,"""Like one who has been snatched away by eagles."""
"ⴰⵏⵉ ⴳⴳⵉⵜⵏⵜ, ⵓⵔ ⵇⵇⵉⵣⵏⵜ",أين كثرن لا يحفرن.,"ani ggitnt, ur qqiznt","اني ڭڭيتنت, ور ققيزنت","""Where they are many, they do not dig."""
"ⴰⵏⵉⵙ ⵉⴽⴽⴰ ⵢⵉⵙⵙⵊⵏⵉ, ⵉⵟⴼⴼⵕ ⵉ ⵡⴼⵉⵍⵓ",أينما مر المخياط يتبعه الخيط.,"anis ikka yissjni, iṭffṛ i wfilu","انيس يككا ييسسجني, يطففر ي وفيلو","""Wherever the needle passes, the thread follows."""
"ⴰⵏⵉⵙ  ⴽⴽⵉⵏ  ⵉⵎⵣⵡⵓⵔⴰ,  ⴰⴷ  ⴽⴽⵏ  ⵉⵏⴻⴳⴳⵓⵔⴰ",أينما مر السابقون سيمر اللاحقون.,"anis  kkin  imzwura,  ad  kkn  ineggura","انيس  ككين  يمزوورا,  اد  ككن  ين°ڭڭورا","""Where the predecessors have passed, the successors will pass."""
"ⴰⵏⵉⵙ ⵜⴽⴽⴰ ⵜⵖⵟⵟ, ⵜⵜⴽⴽ ⵜⵖⵉⴹⵜ ⵏⵏⵙ",أينما مرت المعزة تمر ابنتها (بهمة).,"anis tkka tghṭṭ, ttkk tghiḍt nns","انيس تككا تغطط, تتكك تغيضت ننس","""Wherever the goat passes, her kid (young one) follows."""
ⴰⵏⵉⵙ ⵅⵅⵉ ⵜⵡⵙⵙⵄ ⴰⵎ ⵜⵉⵟⵟ ⵏ ⵜⵅⵉⵢⵢⴰⵟⵜ,اتسعت لي كثقب الإبرة.,anis khkhi twss3 am tiṭṭ n tkhiyyaṭt,انيس خخي توسسع ام تيطط ن تخييياطت,"""It widened for me like the eye of a needle."""
"ⴰⵏⵉ ⵢⵜⵜⵛⴰ ⵎⵊⵊⵖⵢⵓⵍ ⴰⵖⵢⵓⵍ, ⵉⴷⴳⴳⵯⵍ ⵖⴰⵔ-ⵙ ⵄⵛⵔⴰ ⵏ ⵍⵎⵕⵕⴰⵜ",أين أكل الضبع الحمار، يرجع إليه عشر مرات.,"ani yttsha mjjghyul aghyul, idggⵯl ghar-s 3shra n lmṛṛat","اني يتتشا مججغيول اغيول, يدڭڭⵯل غار-س عشرا ن لمررات","""Where the hyena eats the donkey, it returns to it ten times."""
ⴰⵇⵣⵉⵏ ⴰⵎⵍⵍⴰⵍ ⵉⵜⵜⴳⴳ ⵉⵅⴼ ⵏⵏⵙ ⵣⴳ ⵡⵓⵍⵍⵉ,الكلب الأبيض يعتبر نفسه من النعاج.,aqzin amllal ittgg ikhf nns zg wulli,اقزين امللال يتتڭڭ يخف ننس زڭ ووللي,The white dog considers itself one of the sheep.
ⴰⵇⵣⵉⵏ ⵏ ⵉⵜⵜⵣⵓⵏ ⵉⵍ ⵣⵣⴰⴳ-ⵙ ⵜⵜⴳⴳⵯⴷ,الكلب الذي ينبح لا تخف منه.,aqzin n ittzun il zzag-s ttggⵯd,اقزين ن يتتزون يل ززاڭ-س تتڭڭⵯد,"The dog that barks, do not fear it."
"ⴰⵙⴰ ⴰⴷ ⴰⵙ ⵜⵍⵍⴼⵜ, ⵉⵍ ⴰⵙ ⵏⵄⵄⵜ ⴰⴱⵔⵉⴷ",عندما تطلقها لا تريها الطريق.,"asa ad as tllft, il as n33t abrid","اسا اد اس تللفت, يل اس نععت ابريد","""When you let her go, do not show her the way."""
"ⴰⵙⴰ ⴰⴷ ⵎⵎⵏⵖⵏ ⵢⵉⵟⴰⵏ, ⵉⴼⵔⵃ ⵢⵉⵎⵙⵄⵉ",عندما تتصارع الكلاب، يفرح المتسول.,"asa ad mmnghn yiṭan, ifrḥ yims3i","اسا اد ممنغن ييطان, يفرح ييمسعي","""When dogs fight, the beggar rejoices."""
"ⴰⵙⴰ ⴰⴷ ⵢⵓⵟⴰ ⵡⴼⵓⵏⴰⵙ, ⵉⵍ ⵜⵜⵙⴰⵍ ⵅ ⵉⴳⵣⵣⴰⵔⵏ",عندما يقع الثور لا تسأل عن الجزارين.,"asa ad yuṭa wfunas, il ttsal kh igzzarn","اسا اد يوطا وفوناس, يل تتسال خ يڭززارن","""When the bull falls, don't ask about the butchers."""
"ⴰⵙⴰ ⴰⴷ ⵄⵟⵍⵏⵜ, ⵎⵓⵏⵏⵜ",عندما يتأخرن، يجتمعن.,"asa ad 3ṭlnt, munnt","اسا اد عطلنت, موننت","When they are late, they gather."
ⴰⵛⵔ ⴰⵙ ⵡⴰⵍⴰ ⵜⴻⵜⵜⵔⵜ ⴰⵙ,اسرقه ولا تستجديه.,ashr as wala tettrt as,اشر اس والا ت°تترت اس,"""Steal it, don't beg for it."""
ⴰⵟⵕⵕⴰⴼ ⵉⵜⵜⵟⵕⵕⴰⴼ ⵏⵜⵜⴰ ⵢⴳⴳⵓⵔ ⵃⴰⴼⵉ,الإسكافي يرتق الأحذية وهو يمشي حافيا.,aṭṛṛaf ittṭṛṛaf ntta yggur ḥafi,اطرراف يتتطرراف نتتا يڭڭور حافي,The cobbler mends shoes while walking barefoot.
ⴰⵡⴰⵍ ⴰⵎⵣⵡⴰⵔ ⴰ ⵜⵣⵉⵣⵡⵉ ⵜⴰⴷⵔⵖⴰⵍⵜ,الكلام الأول أيتها النحلة العمياء.,awal amzwar a tzizwi tadrghalt,اوال امزوار ا تزيزوي تادرغالت,"""The first words, O blind bee."""
ⴰⵡⵔⴰ ⵢⴰ ⵢⵎⵎⴰ ⵢⴰⴷ ⴰⵎ ⵏⵄⵜⵖ ⴰⵅⵅⴰⵎ ⵏ ⵅⵡⴰⵍⵉ,تعالي يا أمي لأريك منزل أخوالي.,awra ya ymma yad am n3tgh akhkham n khwali,اورا يا يمما ياد ام نعتغ اخخام ن خوالي,"Come, Mom, so I can show you my uncles' house."
ⴰⵅⵅⴰⵎ ⴱⵍⴰ ⵜⴰⵎⵟⵟⵓⵟⵜ ⴰⵎ ⵙⵙⵇⴼ ⴱⵍⴰ ⵍⵃⵢⵓⵟ,المنزل بدون امرأة كالسقف بدون جدران.,akhkham bla tamṭṭuṭt am ssqf bla lḥyuṭ,اخخام بلا تامططوطت ام سسقف بلا لحيوط,A house without a woman is like a roof without walls.
"ⴰⵅⵅⴰⵎ ⵉⵏⵓ ⵢⵜⵜⵛⵓⵕ ⵙ ⵢⵉⵖⵣⵣⴰⵍⵏ, ⵏⵜⵛ ⵓⵔ ⵓⴼⵉⵖ ⴰⵢⵏⵏ ⵙ ⵡⵜⵉⵖ",منزلي مليء بالعصي وأنا لم أجد بما أضرب.,"akhkham inu yttshuṛ s yighzzaln, ntsh ur ufigh aynn s wtigh","اخخام ينو يتتشور س ييغززالن, نتش ور وفيغ اينن س وتيغ","""My house is full of sticks, yet I haven't found anything to strike with."""
ⴰⵅⵅⴰⵎ ⵏ ⴷⵉ ⵜⵜⴰⵜⴼ ⵜⴼⵓⵛⵜ ⵓⵔ ⵉⵀⵍⵍⵛ,المنزل الذي تدخله الشمس لن يمرض.,akhkham n di ttatf tfusht ur ihllsh,اخخام ن دي تتاتف تفوشت ور يهللش,The house that sunlight enters will not fall ill.
ⴰⵢⵏⴷⵓⵣ ⴰⵎⵥⵥⵢⴰⵏ ⴰⴳⴳ ⵉⵙⵙⵟⵓⴽⴽⵓⴽⵏ ⵉⴼⵓⵏⴰⵙⵏ,العجل الصغير هو الذي يثير الثيران.,aynduz amẓẓyan agg issṭukkukn ifunasn,ايندوز امزّزّيان اڭڭ يسسطوككوكن يفوناسن,The small calf is the one that stirs up the bulls.
"ⴰⵢⵏⵏ ⴰⵛ ⵜⵙⵙⵖⵔ ⵢⵎⵎⴰ-ⵛ, ⵜⵙⵙⵖⵔ ⵉⵢⵉ ⵜ ⵢⵎⵎⴰ ⵡⵍⴰ ⴷ ⵏⵜⵛ",ما علمته إياك أمك علمته لي أمي أيضا.,"aynn ash tssghr ymma-sh, tssghr iyi t ymma wla d ntsh","اينن اش تسسغر يمما-ش, تسسغر ييي ت يمما ولا د نتش","What your mother taught you, my mother taught me as well."
ⴰⵢⵏⵏ ⴷ ⵉⵜⵜⴰⵡⵢ ⴷⴳ ⵓⵙⴳⴳⵯⴰⵙ ⵉⵜⴻⵜⵜ ⵉ ⴷⴳ ⵡⴰⵙⵙ,ما يكسبه في عام يأكله في يوم.,aynn d ittawy dg usggⵯas itett i dg wass,اينن د يتتاوي دڭ وسڭڭⵯاس يت°تت ي دڭ واسس,"What he earns in a year, he spends in a day."
ⴰⵢⵏⵏ ⵉⵚⴱⵃⵏ ⴰⴳ ⵉⵜⵜⵛⴰⵕⴰⵏ ⵜⵉⵟⵟ,ما هو جميل يملأ العين.,aynn iṣbḥn ag ittshaṛan tiṭṭ,اينن يصبحن اڭ يتتشاران تيطط,What is beautiful fills the eye.
ⴰⵢⵏⵏ ⵉⵛⵔⵔⵣ ⵓⵍⵖⵎ ⵉⵜⵜⴷⴷⵣ ⵉ,ما يحرثه الجمل يدقه.,aynn ishrrz ulghm ittddz i,اينن يشررز ولغم يتتددز ي,"""What the camel plows, it threshes."""
"ⴰⵢⵏⵏ ⵉⵢⵢⴰ ⵛⵛⵉⵟⴰⵏ ⴷⴳ ⵓⵙⴳⴳⵯⴰⵙ, ⵜⵜⴳⴳ ⵉ ⵜⵎⵖⴰⵔⵜ ⴷⴳ ⵡⴰⵙⵙ",ما فعله الشيطان في عام تفعله العجوز في يوم.,"aynn iyya shshiṭan dg usggⵯas, ttgg i tmghart dg wass","اينن يييا ششيطان دڭ وسڭڭⵯاس, تتڭڭ ي تمغارت دڭ واسس","What the devil does in a year, an old woman can do in a day."
ⴰⵢⵏⵏ ⵉⵥⵉⴹⵏ ⵉⵜⵜⵎⵜⵜⵛⴰ,ما هو حلو يؤكل.,aynn iẓiḍn ittmttsha,اينن يزّيضن يتتمتتشا,What is sweet is eaten.
"ⴰⵢⵏⵏ ⵜⵜⵉⵏⵉⵜ ⵉ ⵢⵡⴷⴰⵏ, ⵉⵏⵉ ⵜ ⵉ ⵡⵣⵍⵍⵉⴼ ⵏⵏⵛ",ما تقوله للناس، قله لنفسك.,"aynn ttinit i ywdan, ini t i wzllif nnsh","اينن تتينيت ي يودان, يني ت ي وزلليف ننش","What you say to others, say to yourself."
"ⴰⵢⵏⵏ ⵜⵢⵉⵜ ⵉ ⵡⴰⵕⴰ ⵏ ⵎⵉⴷⴷⵏ, ⴰⴷ ⵜ ⵢⵏ ⵉ ⵡⴰⵕⴰ ⵏⵏⵛ",ما فعلته لأبناء الناس سيفعلونه لأبنائك.,"aynn tyit i waṛa n middn, ad t yn i waṛa nnsh","اينن تييت ي وارا ن ميددن, اد ت ين ي وارا ننش","""What you have done to others' children will be done to your own children."""
"ⴰⵢⵏⵏ ⵓⵔ ⵉⵏⵇⵇⵏ, ⵉⵚⵚⵉⵃⵃⴰ",ما لا يقتل يقوي.,"aynn ur inqqn, iṣṣiḥḥa","اينن ور ينققن, يصصيححا",What doesn't kill you makes you stronger.
"ⴰⵄⴷⴷⵉⵙ ⵏ ⵉⵛⵡⴰⵏ, ⵓⵔ ⵉⵜⵜⵃⵙⵙⵉ ⵙ ⵡⵏⵏ ⵉⵍⵍⵓⵥⵏ",البطن الشبعان لا يبالي بالبطن الجائع.,"a3ddis n ishwan, ur ittḥssi s wnn illuẓn","اعدديس ن يشوان, ور يتتحسسي س ونن يللوزّن","""A full stomach does not care about a hungry stomach."""
"ⴱⴰⴱ ⵏ ⵢⵉⵛⵜ ⵏ ⵜⵉⵟⵟ, ⵓⵔ ⵉⴷⵊⵉⵏ ⴷⴳ ⵍⵓⵎ",صاحب العين الواحدة لا ينام في التبن.,"bab n yisht n tiṭṭ, ur idjin dg lum","باب ن ييشت ن تيطط, ور يدجين دڭ لوم",The one-eyed man does not sleep in the hay.
"ⴱⴰⴱ ⵓⵣⵍⵍⵉⴼ ⴰ ⴷ ⵎⴻⵎⵎⵉⵙ ⵏ ⵎⴻⵎⵎⵉ, ⴰⵢⴰ ⵏ ⵡⴰ ⴷ ⵎⴻⵎⵎⵉⵙ ⵏ ⵢⵍⵍⵉ",صاحب هذا الرأس هو ابن ابني، أما هذا فابن ابنتي.,"bab uzllif a d memmis n memmi, aya n wa d memmis n ylli","باب وزلليف ا د م°مميس ن م°ممي, ايا ن وا د م°مميس ن يللي","The owner of this head is the son of my son, while this one is the son of my daughter."
ⴱⵟⵓ ⵙⵓⴼ ⴰⴷ ⵉⵇⵇⴰⵔ,قسم النهر وسيجف.,bṭu suf ad iqqar,بطو سوف اد يققار,The river was divided and will dry up.
ⴷ ⵍⵀⵍⵍ ⵏ ⵓⵎⵀⴱⵓⵍ ⴰⴳ ⵉⵜⵜⵙⵜⵃⴰⵏ,عائلة الأحمق هي التي تستحيي.,d lhll n umhbul ag ittstḥan,د لهلل ن ومهبول اڭ يتتستحان,The family of the fool is the one that feels ashamed.
ⴷ ⵍⵄⴳⵣ ⴰⴳ ⵉⴷⵊⵉⵏ ⵜⵢⴰⵥⵉⵟⵜ ⵓⵔ ⵜⵏⵟⵟⵡ,الكسل هو الذي خلى الدجاجة لا تطير.,d l3gz ag idjin tyaẓiṭt ur tnṭṭw,د لعڭز اڭ يدجين تيازّيطت ور تنططو,Laziness is what made the chicken unable to fly.
"ⴷ ⵜⴰⵊⵟⵉⵟⵜ ⴰⴳ ⵉⵜⵜⴳⴳⵏ ⵍⵄⵛⵛ, ⵉⵍⵉⴷ ⴷ ⴰⵊⵟⵉⵟ",العصفورة هي التي تبني العش وليس العصفور.,"d tajṭiṭt ag ittggn l3shsh, ilid d ajṭiṭ","د تاجطيطت اڭ يتتڭڭن لعشش, يليد د اجطيط","The female sparrow is the one who builds the nest, not the male sparrow."
ⴷ ⵜⴰⵎⵟⵟⵓⵟⵜ ⴰⴳ ⵉⵜⵜⴳⴳⵏ ⴰⵔⴳⴰⵣ,المرأة هي التي تصنع الرجل.,d tamṭṭuṭt ag ittggn argaz,د تامططوطت اڭ يتتڭڭن ارڭاز,The woman is the one who shapes the man.
ⴷ ⵜⵉⵎⵙⵙⵉ ⵣⴷⴷⵓ ⵍⵓⵎ,النار تحت التبن.,d timssi zddu lum,د تيمسسي زددو لوم,"""The fire is under the straw."""
"ⴼⴼⵖⵖ ⵛⵎⵎ ⴰ ⵜⴰⴷⵉⵙⵜ ⵏ ⵢⵎⵎⴰ, ⴰⵕⵡ ⴰⵊⵍⵍⵉⴷ ⵏⵖ ⵢⵉⵎⵙⵄⵉ",خرجت منك يا بطن أمي لد ملكا أو متسولا.,"ffghgh shmm a tadist n ymma, aṛw ajllid ngh yims3i","ففغغ شمم ا تاديست ن يمما, ارو اجلليد نغ ييمسعي","""I emerged from you, O womb of my mother, either a king or a beggar."""
ⴳⴰⵢⵎⵔⵓ ⵡⵔ ⵉⵜⵜⴳⴳ ⵜⴰⵎⴻⵎⵜ,اليعسوب لا يصنع عسلا.,gaymru wr ittgg tamemt,ڭايمرو ور يتتڭڭ تام°مت,The dragonfly does not produce honey.
ⵖⵉⵔ ⵉⵙⵍⵎⴰⵏ ⴰⴳ ⵉⵜⵜⴷⴷⵔⵏ ⴷⴳ ⵡⴰⵎⴰⵏ,الأسماك فقط التي تعيش في الماء.,ghir islman ag ittddrn dg waman,غير يسلمان اڭ يتتددرن دڭ وامان,Fish only live in water.
"ⵃⴷⴷ ⴷⵉ ⵜⴰⵣⴰⵔⵜ, ⵃⴷⴷ ⵉⵇⵟⵟⵡ",واحد في شجرة التين والآخر يقطعها.,"ḥdd di tazart, ḥdd iqṭṭw","حدد دي تازارت, حدد يقططو","""One is in the fig tree, and the other is cutting it."""
"ⵃⴷⴷ ⵉⴱⵏⵏⴰ, ⵃⴷⴷ ⵉⵀⴷⴷⵎ",شخص يبني والآخر يهدم.,"ḥdd ibnna, ḥdd ihddm","حدد يبننا, حدد يهددم","One person builds, and another destroys."
"ⵃⴷⴷ ⵉⵎⵍⵛ, ⵃⴷⴷ ⵉⵀⵍⵛ, ⵃⴷⴷ ⵉⵇⵇⵏ ⵎⵊⵊⵖⵢⵓⵍ ⴷⴳ ⵓⵅⵅⴰⵎ",واحد تزوج، وواحد مرض، وآخر ربط ضبعا في المنزل.,"ḥdd imlsh, ḥdd ihlsh, ḥdd iqqn mjjghyul dg ukhkham","حدد يملش, حدد يهلش, حدد يققن مججغيول دڭ وخخام","One got married, another fell ill, and another tied a hyena at home."
"ⵃⴷⴷ ⵉⵜⵜⵛⴰ ⵢⴱⴰⵡⵏ, ⵃⴷⴷ ⵓⴼⵏ ⴷⴰⴳ-ⵙ",واحد أكل الفول والآخر انتفخ فيه.,"ḥdd ittsha ybawn, ḥdd ufn dag-s","حدد يتتشا يباون, حدد وفن داڭ-س","""One ate the beans, and the other got bloated from it."""
"ⵃⴷⴷ ⵉⵣⴷⵖ, ⵃⴷⴷ ⵉⵏⵣⵖ, ⵃⴷⴷ ⵉⵍⵍⴰ ⵢⵜⵜⴰⵣⵖ",واحد ساكن، وواحد تائه، والآخر يجف.,"ḥdd izdgh, ḥdd inzgh, ḥdd illa yttazgh","حدد يزدغ, حدد ينزغ, حدد يللا يتتازغ","One is still, one is lost, and the other dries up."
ⵉⴱⴷⴷ ⵙ ⵜⵙⵉⵍⴰ ⴷⴳ ⵡⴰⵎⴰⵏ,توقف بنعاله في الماء.,ibdd s tsila dg waman,يبدد س تسيلا دڭ وامان,He stopped with his shoe in the water.
"ⵉⴷⵊ ⵉⴱⵏⵏⴰ, ⵉⴷⵊ ⵉⵀⴷⴷⵎ",واحد يبني، وآخر يهدم.,"idj ibnna, idj ihddm","يدج يبننا, يدج يهددم","One builds, and another destroys."
ⵉⴷⵊ ⵏ ⵓⴼⵓⵙ ⵓⵔ ⵉⵜⵜⵛⵉⵜ ⴰⴼⵇⵇⵉⵙ,يد واحدة لا تصفق.,idj n ufus ur ittshit afqqis,يدج ن وفوس ور يتتشيت افققيس,"""One hand does not clap."""
ⵉⴷⵊ ⵏ ⵓⵖⵉⵍ ⵓⵔ ⵉⵙⵙⵉⵎⵉ,ذراع واحدة لا تربي.,idj n ughil ur issimi,يدج ن وغيل ور يسسيمي,"""One arm does not raise (a child)."""
ⵉⴷⵊ ⵏ ⵓⵙⴼⵟ ⵓⵔ ⵉⵙⵙⵔⵓⵖ ⵜⵉⵎⵙⵙⵉ,جمرة واحدة لن تشعل نارا.,idj n usfṭ ur issrugh timssi,يدج ن وسفط ور يسسروغ تيمسسي,"""One ember will not start a fire."""
ⵉⴷⵡⵍ ⴱⴰⴱ ⵏ ⵢⵉⵢⵢⵔ ⴷ ⴰⵅⵎⵎⴰⵙ,أصبح مالك الحقل مؤاكرا بالخمس.,idwl bab n yiyyr d akhmmas,يدول باب ن يييير د اخمماس,The owner of the field became obligated to pay one-fifth.
ⵉⴷⵡⵍ ⵓⴽⵉⴹⴰⵕ ⴰⵏⵉ ⵢⵏⵏⵓⵎ ⵜⵉⵎⵥⵉⵏ ⵏ ⵉⵣⵣⵢⵏ,رجع الحصان أين اعتاد الحبوب المحمصة.,idwl ukiḍaṛ ani ynnum timẓin n izzyn,يدول وكيضار اني يننوم تيمزّين ن يززين,The horse returned to where it was used to the roasted grains.
ⵉⴷⵡⵍ ⵓⵢⵍⵎⵓⵙ ⵖⵔ ⵢⵉⵟⴰⵕⵏ,رجعت القلنسوة عند الأرجل.,idwl uylmus ghr yiṭaṛn,يدول ويلموس غر ييطارن,The cap returned to the feet.
ⵉⴼⴼⵖ ⵓⵅⴷⵎⵉ ⵏⵏⵙ ⵜⵉⵎⵙⵙⵉ,خرج سكينه النار.,iffgh ukhdmi nns timssi,يففغ وخدمي ننس تيمسسي,"The sentence appears to have a grammatical issue or a typo in Arabic. If you meant ""خرجت سكينه النار,"" it translates to:  
""His knife came out of the fire.""  

If this is not the intended meaning, could you clarify or provide more context?"
ⵉⵍⵉ ⴷ ⵉⵣⵎ ⵜⴻⵜⵜⵛⵜ ⵉⵢⵉ,كن أسدا وكلني.,ili d izm tettsht iyi,يلي د يزم ت°تتشت ييي,"""Be a lion and devour me."""
"ⵉⵍⵉⴷ ⵜⵜⵛ, ⵉⵍⵉⴷ ⴽⴽⵙ ⴼⵓⵙ",ليس له أن يأكل ولا أن يزيل يده.,"ilid ttsh, ilid kks fus","يليد تتش, يليد ككس فوس",He is not to eat nor to remove his hand.
ⵉⵍⵙ ⵓⵔ ⴷⴰⴳ-ⵙ ⵉⵍⵍⵉ ⵢⵖⵙ,اللسان لا يوجد فيه عظم.,ils ur dag-s illi yghs,يلس ور داڭ-س يللي يغس,The tongue has no bones.
ⵉⵍ ⵜⵜⴰⵡⵢ ⵅ ⵏⵏⵡⴰⵔ ⵓⵍⵉⵍⵉ,لا يغرنك نوار الدفلى.,il ttawy kh nnwar ulili,يل تتاوي خ ننوار وليلي,"""Do not be deceived by the oleander's blossom."""
"ⵉⵍ ⵜⵜⴳⴳ ⵛⴰⵢ, ⵉⵍ ⵜⵜⴳⴳⵯⴷ ⵣⵣⵉ ⵛⴰⵢ",لا تفعل شيئا، ولا تفزع من شيء.,"il ttgg shay, il ttggⵯd zzi shay","يل تتڭڭ شاي, يل تتڭڭⵯد ززي شاي","Do nothing, and fear nothing."
ⵉⵍ ⵜⵜⵡⵚⵚⴰ ⵢⴰⴳⵓⵊⵉⵍ ⵅ ⵢⵉⵎⵟⵟⴰⵡⵏ,لا توصي اليتيم على الدموع.,il ttwṣṣa yagujil kh yimṭṭawn,يل تتوصصا ياڭوجيل خ ييمططاون,"""Do not advise the orphan to shed tears."""
"ⵉⵎⵉ ⵏ ⵉⵜⵜⵉⵏⵉⵏ ⵙⵓⵟ, ⴰⴷ ⵉⵙⵙⵓⵟ",الفم الذي يقول أنفخ، فلينفخ.,"imi n ittinin suṭ, ad issuṭ","يمي ن يتتينين سوط, اد يسسوط","""The mouth that says 'blow,' let it blow."""
"ⵉⵎⵉ ⵢⵇⵇⵓⵔ, ⵜⴰⵄⴷⴷⵉⵙⵜ ⵜⴻⵜⵜⵛⵓⵕ",الفم جاف والبطن ممتلئ.,"imi yqqur, ta3ddist tettshuṛ","يمي يققور, تاعدديست ت°تتشور","The mouth is dry, and the stomach is full."
ⵉⵎⵔⴰ ⵡⵎⵊⵔ ⴷⴳ ⵓⵛⵔⴷⵓⵄ,أرهقت خرقة القماش المنجل.,imra wmjr dg ushrdu3,يمرا ومجر دڭ وشردوع,The cloth rag tired the sickle.
"ⵉⵎⵙⵄⵉ ⵢⵜⴻⵜⵜⵔ, ⵎⴻⵎⵎⵉⵙ ⵉⵜⵜⵚⴷⴷⴰⵇ",المتسول يتسول وابنه يتصدق.,"ims3i ytettr, memmis ittṣddaq","يمسعي يت°تتر, م°مميس يتتصدداق",Translation Error
"ⵉⵎⵙⵄⵉ ⵢⵜⵜⵙⵄⴰ, ⵎⵔⵣⵓⵇⴰ ⵜⵜⵚⴷⴷⴰⵇ",المتسول يتسول ومرزوقة تتصدق.,"ims3i ytts3a, mrzuqa ttṣddaq","يمسعي يتتسعا, مرزوقا تتصدداق","The beggar begs, and Marzooqah gives charity."
"ⵉⵎⵛ ⵉⵎⵢⵢⵍ ⵍⵃⵎⵍ, ⵖⵉⵔ ⵀⴷⵎ",عندما يميل الحمل أسقطه.,"imsh imyyl lḥml, ghir hdm","يمش يمييل لحمل, غير هدم","""When the load tilts, I drop it."""
"ⵉⵎⵛ ⵎⵟⵍⵖ ⵟⴰⵕ, ⵉⴽⴽⵔ ⴷ ⵓⴼⵓⵙ",عندما أدفن الرجل تنهض اليد.,"imsh mṭlgh ṭaṛ, ikkr d ufus","يمش مطلغ طار, يككر د وفوس","""When I bury the man, the hand rises."""
ⵉⵏⵏⴰ-ⵙ ⵓⴱⵓⵄⴱⵓⵄ: ⵎⴰ ⴷ ⵍⵃⴰⵎⵓ ? ⵉⵙⵓⵍ ⴰⴷ ⵜⵛ ⵉⵏⵏ ⵢⴰⵡⵟ,قال الحلزون: الحرارة؟ مع الوقت ستصلك.,inna-s ubu3bu3: ma d lḥamu ? isul ad tsh inn yawṭ,يننا-س وبوعبوع: ما د لحامو ? يسول اد تش ينن ياوط,"The snail said: ""The heat? In time, it will reach you."""
ⵉⵏⵏⴰ-ⵙ ⵓⵅⵍⵍⴰⴷ: ⵎⴰ ⴷ ⴰⵎⴰⵏ ⵀⴰ ⵢⵢⵉ ⴷⴰⴳ-ⵙⵏ,قال الضفدع: إذا تعلق الأمر بالماء فأنا فيه.,inna-s ukhllad: ma d aman ha yyi dag-sn,يننا-س وخللاد: ما د امان ها ييي داڭ-سن,"The frog said: ""When it comes to water, I am in it."""
ⵉⵔⴷⵏ ⵜⵜⴱⴰⵏⵏ ⵣⴳ ⵖⵎⵎⵓⵢ,القمح يظهر من الإنبات.,irdn ttbann zg ghmmuy,يردن تتبانن زڭ غمموي,Wheat emerges from germination.
"ⵉⵔⵊⵉⵊ ⵢⵉⵛⵛ, ⵢⵓⵕⵡ ⴰⵖⵔⴹⴰ",اهتز الجبل فأنجب فأرا.,"irjij yishsh, yuṛw aghrḍa","يرجيج ييشش, يورو اغرضا","""The mountain trembled and gave birth to a mouse."""
ⵉⵔⵡⵍ ⴰⵙ ⵡⴰⵟⵓ ⵙ ⵓⵣⴳⴰⵡ,هربت له الريح بالقفة.,irwl as waṭu s uzgaw,يرول اس واطو س وزڭاو,The wind carried away the basket.
"ⵉⵕⴰⵃ ⴰⵍ ⵜⵎⵓⵔⵜ ⵏ ⴼⵍⵉⵢⵢⵓ, ⵉⵡⵜ ⵉ ⵕⵕⵡⴰⵃ",ذهب إلى أرض النعناع البري وأصابه بالزكام.,"iṛaḥ al tmurt n fliyyu, iwt i ṛṛwaḥ","يراح ال تمورت ن فليييو, يوت ي ررواح",He went to the land of catnip and caught a cold.
ⵉⵙⴼⵟⴰⵡⵏ ⵙⵙⵜⵜⵛⴰⵏ ⵜⴰⴷⴷⴰⵔⵜ,المشاعل تحرق المنزل.,isfṭawn ssttshan taddart,يسفطاون سستتشان تاددارت,The torches are burning the house.
ⵉⵙⵎⵃ ⵃⴷⴷ ⴷⵉ ⵍⵃⵏⵏⵉ ⴷⵉ ⵜⴰⴷⴷⴰⵔⵜ ⵏ ⵉⵇⵊⵊⵉⵄⵏ,يترك الشخص الحناء بمنزل الصُلع.,ismḥ ḥdd di lḥnni di taddart n iqjji3n,يسمح حدد دي لحنني دي تاددارت ن يقججيعن,The person leaves the henna at the house of baldness.
"ⵉⵙⵔⵃ, ⵓⵔ ⴷ ⵉⵕⵡⵡⵃ",سرح ولم يعد في المساء.,"isrḥ, ur d iṛwwḥ","يسرح, ور د يرووح",He wandered off and did not return in the evening.
ⵉⵙⵙⴰⵖ ⵉⵙⵍⵎⴰⵏ ⴷⴳ ⵡⴰⵎⴰⵏ,يشتري الأسماك في الماء.,issagh islman dg waman,يسساغ يسلمان دڭ وامان,He buys the fish in the water.
ⵉⵙⵙⵔⵡⴰⵟ ⴱⵕⵕⴰ ⵢ ⵓⵏⵕⴰⵕ,يدرس خارج البيدر.,issrwaṭ bṛṛa y unṛaṛ,يسسرواط بررا ي ونرار,He studies outside the barn.
ⵉⵜⴻⵜⵜ ⵍⴱⵚⵍ ⵙ ⵢⵉⵎⵉ ⵏ ⵎⵉⴷⴷⵏ,يأكل البصل بفم الناس.,itett lbṣl s yimi n middn,يت°تت لبصل س ييمي ن ميددن,He eats the onion with people's mouths.
ⵉⵜⵜⴰⵡⵢ ⴷ ⵍⵅⴱⴰⵔ ⴰⵎ ⵡⵏⵏ ⵏ ⵜⵙⴷⵏⴰⵏ,يحضر أخبارا كأخبار النساء.,ittawy d lkhbar am wnn n tsdnan,يتتاوي د لخبار ام ونن ن تسدنان,He brings news like the gossip of women.
ⵉⵜⵜⴰⵅⵎ ⵜⴱⴰⵔⴷⴰ ⵢⵜⵜⵇⴰⵍ ⴰⵖⵢⵓⵍ,يخز البردعة ويدع الحمار.,ittakhm tbarda yttqal aghyul,يتتاخم تباردا يتتقال اغيول,"""He blames the saddle and leaves the donkey.""  

(Note: This is a common Arabic proverb, often implying that someone is blaming the wrong thing or avoiding the real issue.)"
ⵉⵜⵜⴱⴰⵏ ⵓⵇⴱⴱⵉⵛ ⴷ ⴰⵎⵇⵇⵔⴰⵏ ⴷⴳ ⴼⵓⵙ ⵏ ⵓⴳⵓⵊⵉⵍ,تبدو كسرة الخبز كبيرة في يد اليتيم.,ittban uqbbish d amqqran dg fus n ugujil,يتتبان وقببيش د امققران دڭ فوس ن وڭوجيل,A crumb of bread appears large in the hand of an orphan.
ⵉⵜⵜⴳⴳ ⵍⵅⵉⵔ ⵙ ⵓⵖⵕⵓⵎ ⵏ ⵎⵉⴷⴷⵏ,يفعل الخير بخبز الآخرين (الناس).,ittgg lkhir s ughṛum n middn,يتتڭڭ لخير س وغروم ن ميددن,He does good with the bread of others (people).
ⵉⵜⵜⴽⴽⵙ ⵣⵣⵉ ⵜⴱⴰⵔⴷⴰ ⵉⵜⵜⵉⵜⵛ ⵉ ⵡⵖⵢⵓⵍ,يزيل من البردعة ويعطي للحمار.,ittkks zzi tbarda ittitsh i wghyul,يتتككس ززي تباردا يتتيتش ي وغيول,He takes it off the saddle and gives it to the donkey.
"ⵉⵜⵜⵛⴰ ⴱⴰⵣⵉⵏ, ⵉⵕⵥⴰ ⵢⴰⵇⴷⴷⵓⵃ",أكل عصيدة مطبوخة في الزيت فكسر القدر.,"ittsha bazin, iṛẓa yaqdduḥ","يتتشا بازين, يرزّا ياقددوح",He ate porridge cooked in oil and broke the pot.
"ⵉⵜⵜⵛⴰⵜ ⵜⴱⴰⵔⴷⴰ, ⵉⵜⵜⵇⴰⵍ ⴰⵖⵢⵓⵍ",يضرب البردعة ويترك الحمار.,"ittshat tbarda, ittqal aghyul","يتتشات تباردا, يتتقال اغيول",He hits the saddle and leaves the donkey.
ⵉⵜⵜⵣⴰⵢⴰⴷ ⵉⴽⵛⵛⵓⵟⵏ ⵉ ⵜⵎⵙⵙⵉ,يضيف الحطب للنار.,ittzayad ikshshuṭn i tmssi,يتتزاياد يكششوطن ي تمسسي,He adds wood to the fire.
ⵉⵟⵎⵎⵄ ⵍⴱⵔⵇⵓⵇ ⴷⵉ ⵍⵍⵢⴰⵍⵉ,يشتهي البرقوق، في أيام الشتاء الباردة.,iṭmm3 lbrquq di llyali,يطممع لبرقوق دي لليالي,He craves plums on cold winter days.
ⵉⵟⵚ ⴷ ⵍⵎⵓⵜ ⴷ ⴰⵡⵎⴰⵜⵏ,النوم والموت إخوة.,iṭṣ d lmut d awmatn,يطص د لموت د اوماتن,Sleep and death are brothers.
ⵉⵅⴷⴷⵎ ⵉⵟ ⴷ ⵡⴰⵙⵙ ⵎⴰⵛⴰ ⵍⵄⵉⴷ ⵏⵏⵙ ⴷ ⴰⵎⵔⵡⴰⵙ,يعمل ليل نهار لكن عيده بالدين.,ikhddm iṭ d wass masha l3id nns d amrwas,يخددم يط د واسس ماشا لعيد ننس د امرواس,"He works day and night, but his celebration is on credit (or in debt)."
ⵉⵅⵙ ⴰⴷ ⵉⵥⵡⴰ ⵉ ⵡⵙⵓⴼ ⴱⵍⴰ ⵎⴰ ⵢⴰⴷ ⵉⴱⵣⴳ,أراد عبور النهر دون أن يبتل.,ikhs ad iẓwa i wsuf bla ma yad ibzg,يخس اد يزّوا ي وسوف بلا ما ياد يبزڭ,He wanted to cross the river without getting wet.
ⵉⵢⴰⵥⵉⵟⵏ ⵏ ⵔⵔⵃⵉⵍ ⵜⵜⵡⴰⵛⵔⴰⴼⵏ ⵅ ⵢⵉⵟ,ديكة الرحيل تقيد ليلا.,iyaẓiṭn n rrḥil ttwashrafn kh yiṭ,ييازّيطن ن ررحيل تتواشرافن خ ييط,"""The rooster of departure crows at night."""
ⵉⵢⵢⴰ ⵡⵛⵟⵟⵓⴼ ⵏⵏⵛ ⴰⴼⵔⵉⵡⵏ,صار لنملتك أجنحة.,iyya wshṭṭuf nnsh afriwn,يييا وشططوف ننش افريون,"""Your ant has grown wings."""
"ⵉⵢⵢⵔ ⵏ ⵓⵔ ⵉⵙⵙⵉⵡⵏ, ⵓⵔ ⵉⵣⵣⵔⵓⵢ ⴰⵎⴰⵏ ⵉ ⵡⵏⵏ ⵉⵜ ⵉⵊⴰⵕⵏ",الحقل الغير المسقي لا يمرر الماء للذي يجاوره.,"iyyr n ur issiwn, ur izzruy aman i wnn it ijaṛn","ييير ن ور يسسيون, ور يززروي امان ي ونن يت يجارن","""The unwatered field does not pass water to its neighbor."""
ⵉⵣⴰⵏ ⵓⵔ ⵜⵜⵉⵜⴼⵏ ⴷⴳ ⵢⵉⵎⵉ ⵏ ⵉⵇⵇⵏⵏ,الذباب لا يدخل في الفم المغلق.,izan ur ttitfn dg yimi n iqqnn,يزان ور تتيتفن دڭ ييمي ن يققنن,Flies do not enter a closed mouth.
"ⵉⵣⵉⵎⵔ ⵎⴰ ⵜⵏⵏⵊⵍⴰ ⵢⵎⵎⴰ-ⵙ, ⵉⵜⵜⴳⴳ ⵜⵉⵅⵙⵉ ⵏ ⵢⴰⵟⵏⵉⵏ ⴷ ⵢⵎⵎⴰ-ⵙ",الحمل إذا تاهت أمه يعتبر النعجة الأخرى أمه.,"izimr ma tnnjla ymma-s, ittgg tikhsi n yaṭnin d ymma-s","يزيمر ما تننجلا يمما-س, يتتڭڭ تيخسي ن ياطنين د يمما-س","A lamb, if its mother is lost, considers another ewe as its mother."
ⵉⵣⵉⵎⵔ ⵓⵔ ⵉⵜⵜⵓⵔⵉⵔ ⵖⵉⵔ ⵙⵏⵏⵊ ⵉ ⵡⵙⵔⵓⴼ ⵏ ⵢⵎⵎⴰ-ⵙ,الحمل لا يلعب إلا فوق ظهر أمه.,izimr ur itturir ghir snnj i wsruf n ymma-s,يزيمر ور يتتورير غير سننج ي وسروف ن يمما-س,"""The lamb only plays on its mother's back."""
ⵉⵣⵡⴰⵔ ⵍⵃⴹⴰ ⵍⵇⴹⴰ,سبق الحذر القدر.,izwar lḥḍa lqḍa,يزوار لحضا لقضا,Caution precedes fate.
"ⵊⵍⵓⵏ ⵉⵎⵓⵛⵛⵡⵏ ⵏ ⴱⵕⵕⴰ, ⵉⵏⵏ ⵏ ⵊⴰⵊ",أضلت قطط الخارج قطط الداخل.,"jlun imushshwn n bṛṛa, inn n jaj","جلون يموششون ن بررا, ينن ن جاج",The outdoor cats misled the indoor cats.
"ⴽⴽⵙ ⵣⵣⵉ ⵛⵛⵉⵔⴱ, ⵜⵔⵔⵜ ⴷⵉ ⵜⵎⴰⵔⵜ",أزل من الشارب ورد في اللحية.,"kks zzi shshirb, trrt di tmart","ككس ززي ششيرب, تررت دي تمارت","""Remove from the mustache and leave in the beard."""
ⴽⵓⵍ ⴱⵄⵄⵓ ⵢⵇⵇⵙ,كل حشرة تلسع.,kul b33u yqqs,كول بععو يققس,Every insect stings.
ⴽⵓⵍ ⵃⴷⴷ ⵙ ⵜⴱⴰⵔⴷⴰ ⵏⵏⵙ,كل أحد ببردعته.,kul ḥdd s tbarda nns,كول حدد س تباردا ننس,"""Everyone has their own burden."""
"ⵍⴰⵍⵍⴰ ⴷⴰ, ⴰⴷⴰⵏ ⵏⵏⵙ ⴷⵉⵀⴰ",سيدتي هنا وأمعاؤها هناك.,"lalla da, adan nns diha","لاللا دا, ادان ننس ديها","""My lady is here, and her intestines are there."""
"ⵍⴰⵍⵍⴰ-ⵎ ⵢⵍⵍⵉⵙ ⵏ ⵍⴰⵍⵍⴰ-ⵎ, ⵜⵉⴼ ⴰⵖⵕⵓⵎ ⵉ ⵢⵎⵎⴰ-ⵎ",سيدتك بنت سيدتك، تجيد الخبز من أمك.,"lalla-m yllis n lalla-m, tif aghṛum i ymma-m","لاللا-م يلليس ن لاللا-م, تيف اغروم ي يمما-م","""Your lady is the daughter of your lady; she learned baking from your mother."""
ⵍⴰⵎⴰⵏ ⵡⵡⵢⵏⵜ ⵡⴰⵎⴰⵏ,الثقة جرفتها المياه.,laman wwynt waman,لامان ووينت وامان,Trust has been swept away by the waters.
ⵍⴼⵍⵓⵙ ⵜⵜⴳⴳⵏ ⴰⴱⵔⵉⴷ ⴷⴳ ⵓⵥⵕⵓ,النقود تحدث الطريق في الحجر.,lflus ttggn abrid dg uẓṛu,لفلوس تتڭڭن ابريد دڭ وزّرو,"""Money paves the way through stone."""
ⵍⵃⴰⵊⵜ ⵏ ⵢⵓⵢⵍⵏ ⴰⴷ ⵜⵓⵟⴰ ⵢⴰⴷ ⵜⵓⵟⴰ,الشيء المعلق سيسقط سيسقط.,lḥajt n yuyln ad tuṭa yad tuṭa,لحاجت ن يويلن اد توطا ياد توطا,"The suspended thing will fall, it will fall."
ⵍⵃⵇⵇ ⴰⵏⴳⴳⴰⵔ ⴷ ⴰⵎⵛⵔⵓⴽ,الحق الأخير مشترك.,lḥqq anggar d amshruk,لحقق انڭڭار د امشروك,The final right is shared.
ⵍⵅⴱⴰⵔ ⴷ ⴰⵏⴳⴳⴰⵔ,الخبر هو الأخير.,lkhbar d anggar,لخبار د انڭڭار,The news is the latest.
ⵍⵄⵎⴷⴰ ⵅ ⵜⵏⴳⴳⵓⵔⴰ,الحساب في النهاية.,l3mda kh tnggura,لعمدا خ تنڭڭورا,The account is at the end.
ⵎⴰⴳⴳⵯⴰⴷ ⵉⵙⵙⴰⴳⴳⵯⴰⴷ,الخواف يخيف.,maggⵯad issaggⵯad,ماڭڭⵯاد يسساڭڭⵯاد,The coward frightens.
"ⵎⴰⵏⵉⵙ ⵍⵖⵉⵙ ⴰ, ⵣⴳ ⵍⵓⵟⴰ ⵢⴰ",من أين هذا الطين، من هذه الأرض.,"manis lghis a, zg luṭa ya","مانيس لغيس ا, زڭ لوطا يا",Where is this clay from? From this land.
ⵎⴰⵏⵉⵙ ⵛ ⵜⴻⵜⵜⵛⴰ ⵜⵎⵙⵙⵉ ⴰ ⴼⵓⵕⵏ? ⵉⵏⵏⴰ-ⵙ: ⵣⴳ ⵢⵉⵎⵉ ⵢⵏⵓ,من أين أحرقتك النار يا فرن؟ قال له: من فمي.,manis sh tettsha tmssi a fuṛn? inna-s: zg yimi ynu,مانيس ش ت°تتشا تمسسي ا فورن? يننا-س: زڭ ييمي ينو,"""Where did the fire burn you, O oven?"" He replied, ""From my mouth."""
"ⵎⴰ ⵜⴻⵜⵜⵛⵉⵜ ⵉⵢⴰⵥⵉⵟⵏ ⵏ ⵎⵉⴷⴷⵏ, ⵙⵡⵊⴷ ⵉⵏⵏ ⵏⵏⵛ",إذا أكلت دجاج الناس فأعد دجاجك.,"ma tettshit iyaẓiṭn n middn, swjd inn nnsh","ما ت°تتشيت ييازّيطن ن ميددن, سوجد ينن ننش","""If you eat people's chicken, return your own chicken."""
"ⵎⴰ ⵜⵉⵏⵏⵢⵜ ⴰⵔⴳⴰⵣ ⵉⵙⵙⵏⵓⵊⵉⵡ, ⵉⵙⵉⵏ ⴷ ⵜⴰⵎⵟⵟⵓⵟⵜ",إذا رأيت الرجل يستضيف فاعلم بأنها الزوجة.,"ma tinnyt argaz issnujiw, isin d tamṭṭuṭt","ما تيننيت ارڭاز يسسنوجيو, يسين د تامططوطت","If you see the man hosting, know that it is the wife."
ⵎⴰ ⵜⵥⵉⴹ ⵜⴰⵎⴻⵎⵜ ⵜⵃⵕⵕ ⵜⵓⵇⵇⵙⴰ,إذا كان العسل حلوا فإن اللسع مر.,ma tẓiḍ tamemt tḥṛṛ tuqqsa,ما تزّيض تام°مت تحرر توققسا,"""If the honey is sweet, then the sting is bitter."""
ⵎⴰ ⵡⵔ ⵛ ⵉⵏⵏⵢⵏ ⴰ ⵎⵉⵎⵓⵏ ⵢⵢ ⴰⵙⵏ ⴷⴷⵅⵅⴰⵏ,إذا لم يروك يا ميمون ضع لهم الدخان.,ma wr sh innyn a mimun yy asn ddkhkhan,ما ور ش يننين ا ميمون يي اسن ددخخان,Translation Error
"ⵎⴰ ⵢⴷⵊⵓⵍⵍ ⴷⴰⴳ-ⵛ ⵓⵔⴳⴰⵣ ⵊⵏ, ⵎⴰ ⵜⴷⵊⵓⵍ ⴷⴰⴳ-ⵛ ⵜⵎⵟⵟⵓⵟⵜ ⵉⵍ ⴷⵊⴰⵏ ⵛⴰⵢ",إذا توعدك الرجل فنم، إذا توعدتك المرأة فلا تنم.,"ma ydjull dag-sh urgaz jn, ma tdjul dag-sh tmṭṭuṭt il djan shay","ما يدجولل داڭ-ش ورڭاز جن, ما تدجول داڭ-ش تمططوطت يل دجان شاي","If a man threatens you, sleep; if a woman threatens you, do not sleep."
ⵎⴰⵢⵏ ⵉⵏⵀⵕⵏ ⵓⵛⵛⵏ ⵅ ⵜⵜⵔⵉⴷ? ⴷ ⵍⵃⴰⵎⵓ,من منع الذئب عن الرقاقة؟ الحرارة.,mayn inhṛn ushshn kh ttrid? d lḥamu,ماين ينهرن وششن خ تتريد? د لحامو,Who kept the wolf away from the wafer? The heat.
ⵎⴰⵢⵏ ⵉⵛ ⵉⵙⵙⴱⵔⵛⵏⵏ ⴰ ⴱⴰⵇⵇⴰⵔ? ⵉⵏⵏⴰ-ⵙ: ⴷ ⵍⴰⵎⴰⵏⵜ,ما الذي سودك أيها الغراب؟ قال: الأمانة.,mayn ish issbrshnn a baqqar? inna-s: d lamant,ماين يش يسسبرشنن ا باققار? يننا-س: د لامانت,"""What made you black, O crow?"" He said, ""Integrity."""
ⵎⴰⵢⵏ ⵉⵛ ⵉⵢⵢⵉⵏ ⴰ ⵍⴱⴰⵣ ⴷ ⴰⵡⵃⴷⵉ? ⵉⵏⵏⴰ ⵙ: ⴷ ⴰⵖⵉⵎⵉ ⵡⵃⴷⵉ,ما الذي جعلك أيها الباز جميلا؟ قال: جلوسي وحدي.,mayn ish iyyin a lbaz d awḥdi? inna s: d aghimi wḥdi,ماين يش يييين ا لباز د اوحدي? يننا س: د اغيمي وحدي,"""What made you so beautiful, O falcon?"" He said, ""Sitting alone."""
"ⵎⵉⴷⴷⵏ ⴷⵉ ⵎⵉⴷⴷⵏ, ⵄⵉⵛⴰ ⴳ ⵉⵇⴱⴱⵉⵛⵏ",الناس في الناس، وعائشة في كسرات الخبز.,"middn di middn, 3isha g iqbbishn","ميددن دي ميددن, عيشا ڭ يقببيشن","""People are concerned with people, while Aisha is concerned with pieces of bread."""
ⵎⵓⵛⵛ ⵉⵜⵜⵄⵢⵢⴰⴱ ⴰⴽⵙⵓⵎ ⵣⵣⵉ ⵜ ⵓⵔ ⵉⵡⵡⵉⵟ,القط يعيب اللحم عندما لم يصله.,mushsh itt3yyab aksum zzi t ur iwwiṭ,موشش يتتعيياب اكسوم ززي ت ور يوويط,The cat criticizes the meat when it cannot reach it.
"ⵎⵢⴰ, ⵓⵔ ⵉⴱⵣⵣⴳ ⵓⵅⴷⵎⵉ",مائة ولم يبلل السكين.,"mya, ur ibzzg ukhdmi","ميا, ور يبززڭ وخدمي","""A hundred, and the knife did not get wet."""
"ⵏⵛⴰ ⵜⵔⵣⵓⵜ ⵅⴰⴼ-ⵙ ⵙ ⵜⵇⵏⴷⵉⵍⵜ, ⵓⵔ ⵜ ⵜⵜⵉⴼⵜ",لو بحثت عليه بالقنديل الصغير لن تجده.,"nsha trzut khaf-s s tqndilt, ur t ttift","نشا ترزوت خاف-س س تقنديلت, ور ت تتيفت","Even if you searched for it with a small lantern, you wouldn't find it."
"ⵏⵄⵜ ⴰⵙ, ⵏⵄⵜ ⴰⵙ, ⵎⴰ ⵢⴷⴷⵔⵖⵍ ⵕⵥⵎ ⴰⵙ",أره، أره، إذا عمي أطلقه.,"n3t as, n3t as, ma yddrghl ṛẓm as","نعت اس, نعت اس, ما يددرغل رزّم اس","""See, see, if my uncle released it."""
ⵇⵇⵍ ⴷⴳ ⵓⴷⵎⴰⵡⵏ ⵜⴱⵟⵓⵜ ⴰⴽⵙⵓⵎ,أنظر للأوجه وقسّم اللحم.,qql dg udmawn tbṭut aksum,ققل دڭ ودماون تبطوت اكسوم,Look at the faces and divide the meat.
ⵇⵇⵍ ⵜⴰⵢⵎⴰⵔⵜ ⵜⵙⵖⵜ ⵢⵍⵍⵉⵙ,أنظر للفرس واشتر ابنتها.,qql taymart tsght yllis,ققل تايمارت تسغت يلليس,Translation Error
"ⵔⵔⴱⵃ ⵣⵣⵉ ⵜⵎⵟⵟⵓⵟⵜ, ⵍⵅⵙⴰⵔⵜ ⵣⵣⵉ ⵜⵎⵟⵟⵓⵟⵜ",الربح من المرأة والخسارة منها.,"rrbḥ zzi tmṭṭuṭt, lkhsart zzi tmṭṭuṭt","رربح ززي تمططوطت, لخسارت ززي تمططوطت","Profit comes from a woman, and loss comes from her."
ⵙⴰⵔ ⵜⵎⴰⵔⵜ ⵓⵔ ⵜⴽⵙⵉ ⵜⵎⴰⵔⵜ,أبدا لن تحمل اللحية لحية أخرى.,sar tmart ur tksi tmart,سار تمارت ور تكسي تمارت,A beard will never carry another beard.
ⵙⴰⵔ ⵓⵔ ⵢⵓⵍⵉⵢ ⵡⵓⵛⵛⵏ ⵏⵏⵙ ⵜⵙⴰⵡⵏⵜ,لن يصعد ذئبه الطريق الصاعدة.,sar ur yuliy wushshn nns tsawnt,سار ور يوليي ووششن ننس تساونت,His wolf will not ascend the uphill path.
"ⵙⵏⵜ ⵏ ⵜⵊⵟⵉⵟⵉⵏ, ⵓⵔ ⵜⵏⵜ ⵉⴽⵙⵙⵉ ⵢⵉⴷⵊ ⵏ ⵍⵄⵛⵛ",عصفورتين لن يحملهما عش واحد.,"snt n tjṭiṭin, ur tnt ikssi yidj n l3shsh","سنت ن تجطيطين, ور تنت يكسسي ييدج ن لعشش",Two sparrows cannot be held by one nest.
"ⵙⵙⵍⵄⵜ ⵏ ⵉⵜⵜⵡⵊⵊⵀⵏ, ⵜⴳⴳⵓⵔ ⴷⵉ ⵙⵙⵓⵇ",السلعة المعروضة جيدا، تباع في السوق.,"ssl3t n ittwjjhn, tggur di ssuq","سسلعت ن يتتوججهن, تڭڭور دي سسوق",The well-presented product sells in the market.
ⵙⵙⵍⵄⵜ ⵜⴰⵎⵛⵔⵓⴽⵜ ⵓⵔ ⵜⵜⵎⵏⵣⵉ,السلعة المشتركة لا تباع.,ssl3t tamshrukt ur ttmnzi,سسلعت تامشروكت ور تتمنزي,The shared item is not for sale.
ⵙⵓⴼ  ⵏ ⵓⵔ ⵉⵜⵜⴳⴳⵏ ⵍⵃⵙⵙ ⵓⵔ ⴷⴰⴳ-ⵙ ⵍⴰⵎⴰⵏ,النهر الذي لا يحدث صوتا لا أمان فيه.,suf  n ur ittggn lḥss ur dag-s laman,سوف  ن ور يتتڭڭن لحسس ور داڭ-س لامان,"""The river that makes no sound is not safe."""
ⵙⵓⵜⵔ ⵜⴰⵎⴻⵎⵜ ⴰ ⵢⵉⵎⵉ,أطلب العسل يا فم.,sutr tamemt a yimi,سوتر تام°مت ا ييمي,"""Ask for honey, O mouth."""
"ⵛⴰⵡⵔ ⴱⵏⴰⴷⵎ ⴰⵇⴷⵉⵎ, ⵎⴰ ⵡⵔ ⵜ ⵜⵓⴼⵉⵜ ⵛⴰⵡⵔ ⵍⵃⵉⵟ ⴰⵇⴷⵉⵎ",استشر الإنسان القديم، إذا لم تجده استشر الجدار القديم.,"shawr bnadm aqdim, ma wr t tufit shawr lḥiṭ aqdim","شاور بنادم اقديم, ما ور ت توفيت شاور لحيط اقديم","Consult the old man, and if you can't find him, consult the old wall."
"ⵛⵃⴰⵍ ⴰⵢ ⴷ ⵡⵡⵢⵏ, ⵉⵍⵉⴷ ⵛⵃⴰⵍ ⴰⵢ ⵖⴰⴱⵏ",كم جلبوا وليس كم غابوا.,"shḥal ay d wwyn, ilid shḥal ay ghabn","شحال اي د ووين, يليد شحال اي غابن","""How many attended, not how many were absent."""
"ⵛⵡⴰⵢ ⵉ ⵕⴱⴱⵉ, ⵛⵡⴰⵢ ⵉ ⵍⵄⴱⴷ",القليل لله والقليل للعبد.,"shway i ṛbbi, shway i l3bd","شواي ي رببي, شواي ي لعبد",A little for God and a little for the servant.
"ⵜⴰⴷⴷⴰⵔⵜ ⵏ ⴷⵉ ⵡⵔ ⵜⵍⵍⵉ ⵜⵎⵟⵟⵓⵟⵜ, ⵜⵅⵍⴰ",المنزل الذي لا توجد فيه امرأة مهجور.,"taddart n di wr tlli tmṭṭuṭt, tkhla","تاددارت ن دي ور تللي تمططوطت, تخلا",The house that has no woman is abandoned.
"ⵜⴰⴷⴷⴰⵔⵜ ⵏ ⵉⵜⵜⵛⵓⵕⵏ ⵙ ⵍⵃⵡⴰⵢⵊ  ⵏ ⵎⵉⴷⴷⵏ, ⵜⵅⵍⴰ",المنزل المملوء بأثاث الناس خال.,"taddart n ittshuṛn s lḥwayj  n middn, tkhla","تاددارت ن يتتشورن س لحوايج  ن ميددن, تخلا",The house filled with people's furniture is empty.
"ⵜⴰⴷⴷⴰⵔⵜ ⵏ ⵉⵅⵍⴰⵏ, ⵓⵔ ⵜⵜ ⵜⵛⵉⵕⵉⵏ ⵜⵛⵎⵙⵉⵏ",المنزل الخالي لا يملأ بالصرات.,"taddart n ikhlan, ur tt tshiṛin tshmsin","تاددارت ن يخلان, ور تت تشيرين تشمسين",The empty house is not filled with whispers.
"ⵜⴰⴷⴷⴰⵔⵜ ⵏ ⵉⵅⵍⴰⵏ, ⵓⵔ ⵣⵣⴰⴳ-ⵙ ⵉⵜⵜⵉⵍⵢ ⴷⴷⵅⵅⴰⵏ",المنزل المهجور، لن يصعد منه دخان.,"taddart n ikhlan, ur zzag-s ittily ddkhkhan","تاددارت ن يخلان, ور ززاڭ-س يتتيلي ددخخان",The abandoned house will not emit smoke.
ⵜⴰⵖⵏⵊⴰⵛⵜ ⵓⵔ ⵜⵜⴷⵊⵉ ⵜⴰⵜⵏⵊⵉⵛⵜ ⴰⴷ ⵜⵛⵎⵟ,الملعقة لن تترك القدر يحترق.,taghnjasht ur ttdji tatnjisht ad tshmṭ,تاغنجاشت ور تتدجي تاتنجيشت اد تشمط,The spoon will not let the pot burn.
"ⵜⴰⵖⵢⵓⵍⵜ ⵣⵣⵉ ⵖⴰ ⵜⴰⵕⵡ, ⵓⵔ ⵜⴻⵜⵜⵛ ⵉ ⵍⵄⵍⴼ ⴷ ⴰⵣⴷⴷⴰⴳ",الأتان منذ أنجبت لم تأكل علفا نظيفا.,"taghyult zzi gha taṛw, ur tettsh i l3lf d azddag","تاغيولت ززي غا تارو, ور ت°تتش ي لعلف د ازدداڭ",The she-donkey has not eaten clean fodder since she gave birth.
ⵜⴰⵊⵟⵉⵟⵜ ⵓⵔ ⵜⵔⵡⵡⵉⵃ ⵣⴳ ⵓⵙⵜⵜⵛⵉ ⵢⴰⵍ ⵏⵟⵡⵏ ⵉⵊⵓⵟⴰⵟ ⵏⵏⵙ,العصفورة لن ترتاح من الإطعام حتى تطير فراخها.,tajṭiṭt ur trwwiḥ zg usttshi yal nṭwn ijuṭaṭ nns,تاجطيطت ور تروويح زڭ وستتشي يال نطون يجوطاط ننس,The sparrow will not rest from feeding until her chicks can fly.
ⵜⴰⵎⴷⴰ ⵜⵜⵇⴰⵙ ⵉⵜⵜ ⵙ ⵓⵟⴰⵕ,البركة قسها بالرجل.,tamda ttqas itt s uṭaṛ,تامدا تتقاس يتت س وطار,"""The blessing is measured by the foot."""
"ⵜⴰⵎⴻⵎⵜ ⵣⴳ ⵢⵉⵎⵉ, ⵜⴰⵎⵊⵔⵜ ⴷⴳ ⵢⵉⵙⵉ",العسل من الفم والمنجل في الحجر.,"tamemt zg yimi, tamjrt dg yisi","تام°مت زڭ ييمي, تامجرت دڭ ييسي","""Honey in the mouth and a sickle in the stone."""
ⵜⴰⵎⵟⵍⵜ ⵏ ⵡⴰⵙⵙ ⴰ ⵡⵔ ⵜⵜⵄⵉⵢⵉⵏ ⴰⵍ ⵉⵎⴰⵍ,قبر اليوم لن ينتظر إلى العام القادم.,tamṭlt n wass a wr tt3iyin al imal,تامطلت ن واسس ا ور تتعييين ال يمال,"""The grave of today will not wait until next year."""
"ⵜⴰⵎⵟⵟⵓⵟⵜ ⴱⵍⴰ ⵢⴰⵕⴰ, ⴰⵎ ⵜⵅⵅⴰⵎⵜ ⴱⵍⴰ ⵢⵣⴰⴷⵊⵏ",المرأة بلا أولاد كالخيمة بلا أوتاد.,"tamṭṭuṭt bla yaṛa, am tkhkhamt bla yzadjn","تامططوطت بلا يارا, ام تخخامت بلا يزادجن",A woman without children is like a tent without stakes.
ⵜⴰⵔⴳⴰⵣⵜ ⵏ ⵓⵢⴰⵥⵉⵟ ⵊⴰⵔ ⵜⵢⴰⵥⵉⵟⵉⵏ,قوة الديك بين الدجاجات.,targazt n uyaẓiṭ jar tyaẓiṭin,تارڭازت ن ويازّيط جار تيازّيطين,The strength of the rooster among the hens.
ⵜⴰⵕⵡⴰ ⵣⵉⵛ ⵓⵔ ⵜⵙⵙⵡⵙⵉⵔ,الولادة المبكرة لا تقدم في السن.,taṛwa zish ur tsswsir,تاروا زيش ور تسسوسير,Premature birth does not advance in age.
"ⵜⴰⵙⵉⵡⴰⵏⵜ ⵜⵜⵎⵜⵜⴰ, ⵜⵉⵟⵟⴰⵡ ⵏⵏⵙ ⵖⵔ ⵉⴼⵓⵍⵍⵓⵙⵏ",العقاب يموت وعيناه على الكتاكيت.,"tasiwant ttmtta, tiṭṭaw nns ghr ifullusn","تاسيوانت تتمتتا, تيططاو ننس غر يفوللوسن",The eagle dies with its eyes on the chicks.
ⵜⴰⵡⵕⴷⵉⵛⵜ ⵏ ⵉⵖⵓⴷⴰⵏ ⵉⵜⵜⴳⴳ ⵉⵜⵜ ⵓⵍⴰ ⴷ ⴰⵍⵉⵍⵉ,الوردة الجميلة ينتجها أيضا نبات الدفلى.,tawṛdisht n ighudan ittgg itt ula d alili,تاورديشت ن يغودان يتتڭڭ يتت ولا د اليلي,The beautiful flower is also produced by the oleander plant.
ⵜⴰⵡⵕⴷⵉⵛⵜ ⵓⵔ ⵜⵜ ⵜⵜⴽⴽⵙⵜ ⴰⵍ ⵛ ⵏⵇⴱⵏ ⵉⵙⵏⵏⴰⵏⵏ,الوردة لن تقطفها حتى تخزك الأشواك.,tawṛdisht ur tt ttkkst al sh nqbn isnnann,تاورديشت ور تت تتككست ال ش نقبن يسننانن,The rose will not be picked until the thorns prick you.
ⵜⴰⵥⵥⵓⴹⵉ ⵡⵔ ⵜⵜⴼⴼⵖ ⵜⵉⵥⵎⵎⴰ,الحلاوة لا تفقد في كرات شمع الشهد المعصورة.,taẓẓuḍi wr ttffgh tiẓmma,تازّزّوضي ور تتففغ تيزّمما,"""The sweetness is not lost in the pressed wax honeycomb balls."""
ⵜⵖⵉⵍⵜ ⴷ ⵉⵣⵍⵉ ⵙ ⵓⵖⵉⵎⵉ,ظننت أن الشعر بالجلوس.,tghilt d izli s ughimi,تغيلت د يزلي س وغيمي,"""I thought poetry was about sitting."""
"ⵜⵖⵟⵟ ⵏ ⵉⴱⴷⴷⵏ, ⵓⵔ ⵜⵜⴷⵊⵉ ⵜⵏⵏ ⵉⵊⵏⵉⵏ ⴰⴷ ⵜⵀⵏⴰ",المعزة الواقفة لا تدع النائمة ترتاح.,"tghṭṭ n ibddn, ur ttdji tnn ijnin ad thna","تغطط ن يبددن, ور تتدجي تنن يجنين اد تهنا","""The standing goat does not let the sleeping one rest."""
ⵜⵃⵢⵢⵔⵜ ⵉⵢⵉ ⵢⴰ ⵣⵉⵏⴱ ⴰ ⵜⵓⵛⵛⵏⵜ,حيرتني يا زينب الذئبة.,tḥyyrt iyi ya zinb a tushshnt,تحييرت ييي يا زينب ا توششنت,"""You puzzled me, Zainab the she-wolf."""
ⵜⵉⵎⵍⵍⴰⵍⵉⵏ ⵉⵎⵛ ⵎⵓⵏⵏⵜ ⵜⵜⵕⵥⵥⴰⵏⵜ,البيض عندما يتجمع ينكسر.,timllalin imsh munnt ttṛẓẓant,تيمللالين يمش موننت تترزّزّانت,"""Eggs, when gathered together, break."""
"ⵜⵉⵎⵇⵇⵜ ⵜⵉⵎⵇⵇⵜ, ⴰⴷ ⵉⵃⵎⵍ ⵓⵙⵓⴼ",قطرة بقطرة، يفيض النهر.,"timqqt timqqt, ad iḥml usuf","تيمققت تيمققت, اد يحمل وسوف","Drop by drop, the river overflows."
ⵜⵉⵎⵙⵙⵉ ⵜⵜⴳⴳ ⵉⵙⴼⵟⴰⵡⵏ,النار تصنع المشاعل.,timssi ttgg isfṭawn,تيمسسي تتڭڭ يسفطاون,"""Fire creates torches."""
ⵜⵉⵎⵙⵙⵉ ⵡⵔ ⵜⵜⵉⵕⵡ ⵖⵉⵔ ⵢⵉⵖⴷ,النار لا تخلف إلا الرماد.,timssi wr ttiṛw ghir yighd,تيمسسي ور تتيرو غير ييغد,"""Fire leaves nothing but ashes."""
ⵜⵉⵙⴷⵏⴰⵏ ⴰⵎ ⵓⵇⴷⴷⵓⵃ ⵇⴰⵄ ⴷ ⵍⵃⵎⵓⵎ,النساء كالقدر المفحم كلهن سخام.,tisdnan am uqdduḥ qa3 d lḥmum,تيسدنان ام وقددوح قاع د لحموم,"The sentence translates to: ""Women are like a soot-filled pot, all of them are blackened."" 

Note: This phrase carries a metaphorical tone and might reflect cultural or historical context. It could be interpreted as offensive or derogatory depending on the intent and context in which it is used. If you need further clarification or a deeper analysis, feel free to ask!"
ⵜⵉⵙⴷⵏⴰⵏ ⴱⵟⵟⵓⵏⵜ ⵢⵉⵣⵉⵎⵔ ⵅ ⵢⵎⵎⴰ-ⵙ,النساء يفطمن الحمل عن أمه.,tisdnan bṭṭunt yizimr kh ymma-s,تيسدنان بططونت ييزيمر خ يمما-س,The women wean the child from its mother.
ⵜⵉⵙⴷⵏⴰⵏ ⵙⵙⴰⵕⴰⵡⵏⵜ ⵜⴰⵙⵔⴷⵓⵏⵜ,النساء يولدن البغلة.,tisdnan ssaṛawnt tasrdunt,تيسدنان سساراونت تاسردونت,The women give birth to a mule.
ⵜⵉⵛⵛⵜ ⵓⵔ ⵜⵜⵉⵕⵡ ⴰⵎ ⵏ ⴰⵙ ⵉⵄⴷⵍ,القملة لا تبيض كما يناسبها.,tishsht ur ttiṛw am n as i3dl,تيششت ور تتيرو ام ن اس يعدل,The louse does not lay eggs as it suits it.
"ⵜⵉⵛⵟⴼⵜ ⵉⵎⵛ ⵉⵅⵙ ⵕⴱⴱⵉ ⴰⴷ ⵜⵜ ⵉⵄⴷⴷⴱ, ⵉⵜⵜⴳⴳ ⴰⵙ ⴰⴼⵔⵉⵡⵏ",النملة إذا شاء الله تعذيبها يجعل لها أجنحة.,"tishṭft imsh ikhs ṛbbi ad tt i3ddb, ittgg as afriwn","تيشطفت يمش يخس رببي اد تت يعددب, يتتڭڭ اس افريون","""The ant, if God wills to punish it, gives it wings."""
ⵜⵉⵟⵟⴰⵡⵉⵏ ⵓⵔ ⵍⵉⵏⵜ ⴰⴼⵔⴰⴳ,العينان لا تملكان سياجا.,tiṭṭawin ur lint afrag,تيططاوين ور لينت افراڭ,"""The eyes have no fence."""
"ⵜⵉⵟⵟ ⵖⵔ ⵣⵣⵉⵏ, ⵟⴰⵕ ⵉⵜⵜⵛ ⵉ ⵡⵇⵣⵉⵏ",العين عند الجمال والرجل أكلها الكلب.,"tiṭṭ ghr zzin, ṭaṛ ittsh i wqzin","تيطط غر ززين, طار يتتش ي وقزين","The sentence seems to have some ambiguity or might be nonsensical in its structure. A direct translation would be:

""The eye is with the camel, and the man was eaten by the dog.""

However, this might not convey a clear or intended meaning. Could you clarify or provide more context?"
ⵜⵉⵅⵙⵉ ⵜⴰⵔⵉⴷⴰⵍⵜ ⴰⴳ ⵉⵜⴻⵜⵜ ⵡⵓⵛⵛⵏ,النعجة العرجاء هي التي يأكل الذئب.,tikhsi taridalt ag itett wushshn,تيخسي تاريدالت اڭ يت°تت ووششن,"""The lame sheep is the one the wolf eats."""
"ⵜⵉⵣⵉⵎⵔⵜ ⵜⵜⵎⵖⵉⵔ, ⵜⵉⵅⵙⵉ ⵜⵜⵡⵙⵉⵔ",الرخل (الأنثى من أولاد الضأن) تكبر والنعجة تشيخ.,"tizimrt ttmghir, tikhsi ttwsir","تيزيمرت تتمغير, تيخسي تتوسير","The ewe lamb (the female offspring of sheep) grows, and the ewe ages."
"ⵜⵎⵓⵖⵍⵉ ⴷⴳ ⵡⴰⵎⴰⵏ, ⵓⵔ ⵜⵏⵇⵇ ⴼⴰⴷ",النظر في الماء لا يقتل العطش.,"tmughli dg waman, ur tnqq fad","تموغلي دڭ وامان, ور تنقق فاد",Looking at water does not quench thirst.
"ⵜⵏⵏ ⴰⴽⵉⴷ-ⵉ ⵓⵔ ⵉⵥⴹⵉⵏ, ⴰⴷ ⵜⵜ ⵜⵜⵛⵖ",من لم تطحن معي سآكلها.,"tnn akid-i ur iẓḍin, ad tt ttshgh","تنن اكيد-ي ور يزّضين, اد تت تتشغ","""Whoever does not grind with me, I will eat them."""
"ⵜⵏⵏⴰ-ⵙ ⵜⵖⵢⵓⵍⵜ: ⵣⴳ ⵡⴰⵙⵙ ⵏ ⴷⵉ ⵡⵔⵡⵖ, ⵓⵔ ⵜⵜⵛⵉⵖ ⴰⵍ ⵛⵡⵉⵖ, ⵓⵔ ⵙⵡⵉⵖ ⴰⵎⴰⵏ ⵉⵣⴷⴷⴰⴳⵏ",قالت الأتان: منذ اليوم الذي أنجبت فيه لم آكل حتى أشبع ولم أشرب ماءا صافيا.,"tnna-s tghyult: zg wass n di wrwgh, ur ttshigh al shwigh, ur swigh aman izddagn","تننا-س تغيولت: زڭ واسس ن دي وروغ, ور تتشيغ ال شويغ, ور سويغ امان يزدداڭن","The she-donkey said: ""Since the day I gave birth, I have not eaten until I was full, nor have I drunk clean water."""
"ⵜⵔⵊⵍ, ⵜⴽⵙⵉ ⵜⵏⴰⵙⵜ",أقفلت وأخذت المفتاح.,"trjl, tksi tnast","ترجل, تكسي تناست",I locked it and took the key.
"ⵜⵙⵙⵛⵎⵟ ⵉⵢⵢⵔ, ⵜⴱⴷⴰ ⵜⵙⵙⵖⵓⵢⵢⵓ",أحرقت الحقل وبدأت تصرخ.,"tssshmṭ iyyr, tbda tssghuyyu","تسسشمط ييير, تبدا تسسغوييو",She burned the field and started screaming.
ⵜⵜⴰⵙⵉⵄ ⴷⴳ ⵡⵓⵍ,الاتساع في القلب.,ttasi3 dg wul,تتاسيع دڭ وول,The expansion of the heart.
"ⵜⵜⵛ ⴰⵢⵏⵏ ⵜⴻⵜⵜⵛⴰ ⵢⵎⵎⴰ-ⵛ, ⵡⴰⵅⵅⴰ ⴷ ⴰⵔⵎⴰⵚ",كل ما أكلته والدتك ولو رغلا ملحيا.,"ttsh aynn tettsha ymma-sh, wakhkha d armaṣ","تتش اينن ت°تتشا يمما-ش, واخخا د ارماص","""Everything your mother ate, even if it was just salty bread."""
"ⵜⵜⵛ, ⵉⵍ ⵜⵜⵙⴰⵍ",كل ولا تسأل.,"ttsh, il ttsal","تتش, يل تتسال","""Eat and don't ask."""
ⵜⵜⵓⵖ ⵖⴰⵔ-ⵉ ⴱⴰⴱⴰ ⵎⴰⵛⴰ ⵢⵎⵎⵓⵜ,كان لي أب لكنه توفي.,ttugh ghar-i baba masha ymmut,تتوغ غار-ي بابا ماشا يمموت,"I had a father, but he passed away."
ⵜⵓⵊⵔ ⵍⵀⴹⵔⵜ ⵍⵅⴷⵎⵜ,تعدى الكلام العمل.,tujr lhḍrt lkhdmt,توجر لهضرت لخدمت,Words surpassed actions.
"ⵜⵓⵟⴰ ⵣⴳ ⵢⵉⵎⵉ, ⵜⵓⵙⵏ ⴷⴳ ⵢⵉⵙⵉ",سقطت من الفم وجاءت في الحضن.,"tuṭa zg yimi, tusn dg yisi","توطا زڭ ييمي, توسن دڭ ييسي","""It fell from the mouth and landed in the lap."""
"ⵜⵢⴰⵥⵉⵟⵜ ⵜⵙⵎⵎⵃ ⴷⴳ ⵢⵉⵅⴼ  ⵏⵏⵙ, ⵜⵖⵎⵎⵙ ⵉ ⵢⴼⵓⵍⵍⵓⵙⵏ ⵏⵏⵙ ⵙ  ⵡⴰⴼⵔⵉⵡⵏ ⵏⵏⵙ",الدجاجة تتخلى عن نفسها و تغطي كتاكيتها بجناحيها.,"tyaẓiṭt tsmmḥ dg yikhf  nns, tghmms i yfullusn nns s  wafriwn nns","تيازّيطت تسممح دڭ ييخف  ننس, تغممس ي يفوللوسن ننس س  وافريون ننس",The hen sacrifices herself and covers her chicks with her wings.
ⵜⵢⴰⵥⵉⵟⵜ ⵜⵙⵙⵉⵎⴰ ⵢⴼⵓⵍⵍⵓⵙⵏ ⵏⵏⵙ ⵖⵉⵔ ⵙ ⵡⴰⴼⵔⵉⵡⵏ,الدجاجة تربي فراخها فقط بالأجنحة.,tyaẓiṭt tssima yfullusn nns ghir s wafriwn,تيازّيطت تسسيما يفوللوسن ننس غير س وافريون,The hen raises her chicks only with her wings.
"ⵜⵢⴰⵥⵉⵟⵜ ⵜⵜⴰⵕⵡ, ⵢⴰⵥⵉⵟ ⵉⵜⵜⵇⵇⵙ ⴰⵙ ⵏⴰⵏⵏⴰ-ⵙ",الدجاجة تبيض والديك تؤلمه مؤخرته.,"tyaẓiṭt ttaṛw, yaẓiṭ ittqqs as nanna-s","تيازّيطت تتارو, يازّيط يتتققس اس ناننا-س",Translation Error
ⵜⵢⴰⵥⵉⵟⵜ ⵓⵔ ⵜⵜⵉⵕⵡ ⵣⵜⴰⵜ ⵎⵉⴷⴷⵏ,الدجاجة لا تبيض أمام الناس.,tyaẓiṭt ur ttiṛw ztat middn,تيازّيطت ور تتيرو زتات ميددن,The chicken does not lay eggs in front of people.
ⵜⵢ ⴷ ⴰⵟⵉⵍ ⵇⴱⵍ ⴰⵙⵎⵎⵓⵎ,أثمرت العنب قبل الحِصْرِم (العنب غير الناضج).,ty d aṭil qbl asmmum,تي د اطيل قبل اسمموم,The grapes ripened before the sour unripe grapes (ḥiṣrim).
"ⵜⵄⵢⵢⴱ ⵜⵕⴰⵜⵛⴰ ⵜⴰⵍⵍⵓⵏⵜ, ⵉⵟⵃⴽ ⵓⵎⵛⵍⵍⴻⵍ",عيبت الشبكة الغربال فضحكت السلة.,"t3yyb tṛatsha tallunt, iṭḥk umshllel","تعييب تراتشا تاللونت, يطحك ومشلل°ل","""The sieve criticized the net, so the basket laughed."""
"ⵟⴰⵕ ⴷⵉ ⴷⴷⵓⵏⵛⵜ, ⵟⴰⵕ ⴷⵉ ⵍⴰⵅⵔⵜ",رجل في الدنيا ورجل في الآخرة.,"ṭaṛ di ddunsht, ṭaṛ di lakhrt","طار دي ددونشت, طار دي لاخرت","""A man in this world and a man in the Hereafter."""
ⵟⴼⵕ ⴰⵙⵖⵓⵏ ⴰⵍ ⵜⴰⴼⵜ ⵊⵉⵊ,اتبع الحبل حتى تجد الوتد.,ṭfṛ asghun al taft jij,طفر اسغون ال تافت جيج,Translation Error
ⵓⵔ ⴷ ⵉⵖⵎⵎⵢ ⵓⴳⵓⵔⵙⵍ ⴱⵍⴰ ⵡⵎⴰ-ⵙ,لا ينبت الفطر بدون أخيه.,ur d ighmmy ugursl bla wma-s,ور د يغممي وڭورسل بلا وما-س,Mushrooms do not grow without their brother.
"ⵓⵔ ⴷⵊⵉⵏ ⵉⵎⵣⵡⵓⵔⴰ, ⴰⵢⵏⵏ ⵖⴰ ⵢⵏⵉⵏ ⵉⵏⴳⴳⵓⵔⴰ",لم يترك السابقون ما سيقوله اللاحقون.,"ur djin imzwura, aynn gha ynin inggura","ور دجين يمزوورا, اينن غا ينين ينڭڭورا",The predecessors did not leave anything for the successors to say.
ⵓⵔ ⵉⵍⵍⵉ ⴷⴷⵅⵅⴰⵏ ⴱⵍⴰ ⵜⵉⵎⵙⵙⵉ,لا يوجد دخان بدون نار.,ur illi ddkhkhan bla timssi,ور يللي ددخخان بلا تيمسسي,There is no smoke without fire.
ⵓⵔ ⵉⵍⵍⵉ ⵡⴱⵔⵉⴷ ⴱⵍⴰ ⵢⴰⵥⵕⵓ,لا يوجد طريق بدون حجر.,ur illi wbrid bla yaẓṛu,ور يللي وبريد بلا يازّرو,There is no road without a stone.
ⵓⵔ ⵉⵙⵙⵉⵏ ⵎⴰⵢⵏ ⵉⵍⵍⴰⵏ ⴷⵉ ⵜⵎⵣⵉⵜ ⵖⵉⵔ ⵡⵏⵏ ⵉⵉⵙ ⵉⵜⵜⵎⴼⵜⴰⵏ,لا يعرف ما بداخل المزود إلا من يضرب به.,ur issin mayn illan di tmzit ghir wnn iis ittmftan,ور يسسين ماين يللان دي تمزيت غير ونن ييس يتتمفتان,"""Only the one who strikes with the pouch knows what is inside it."""
ⵓⵔ ⵉⵙⵙⵓⵙⵓⵎ ⵖⵉⵔ ⵡⵏⵏ ⵉⵎⵎⵓⵜⵏ,لا يسكت إلا الميت.,ur issusum ghir wnn immutn,ور يسسوسوم غير ونن يمموتن,"""Only the dead remain silent."""
ⵓⵔ ⵉⵙⵙⵄⵇⵉⴷ ⵜⵉⵎⵙⵙⵉ ⵖⵉⵔ ⵜⵉⵎⵙⵙⵉ,لا يشعل النار إلا النار.,ur iss3qid timssi ghir timssi,ور يسسعقيد تيمسسي غير تيمسسي,"""Only fire ignites fire."""
ⵓⵔ ⵉⵙⵡⵉ ⵢⴰⵢⵏⵏ ⵉⵙⵡⴰ ⵍⵇⵏⴷⵉⵍ ⴰⵎⵎⴰⵙ ⵏ ⵡⴰⵙⵙ,لا يساوي ما يساويه القنديل وسط النهار.,ur iswi yaynn iswa lqndil ammas n wass,ور يسوي ياينن يسوا لقنديل امماس ن واسس,It does not equal what a lantern equals in the middle of the day.
ⵓⵔ ⵉⵜⵜⴽⴽⵙ ⵕⴱⴱⵉ ⵎⵓⵛⵛ ⵉ ⵢⵖⵔⴹⴰⵢⵏ,لا تزل يارب القط للفئران.,ur ittkks ṛbbi mushsh i yghrḍayn,ور يتتككس رببي موشش ي يغرضاين,"""Lord, do not give the cat to the mice."""
ⵓⵔ ⵉⵜⵜⵛⵉⵕⵉ ⵊⵊⵓⴼ ⵏ ⴱⵏⴰⴷⵎ ⵖⵉⵔ ⵛⴰⵍ,لا يملأ جوف الإنسان إلا التراب.,ur ittshiṛi jjuf n bnadm ghir shal,ور يتتشيري ججوف ن بنادم غير شال,"""Nothing fills the human's insatiable desire except dust."""
"ⵓⵔ ⵏⵔⴱⵉⵃ ⵏⵜⵜⵥⴰⵍⵍⴰ, ⵓⴷⵊ ⵏⴷⴷⵊⴰⵍⵍⴰ",لم نربح نصلي وبالأحرى نقسم.,"ur nrbiḥ nttẓalla, udj nddjalla","ور نربيح نتتزّاللا, ودج نددجاللا","We did not win; we pray, or rather, we swear."
"ⵓⵔ ⵏⵜⵜⵉⵜⵙ ⵖⵔ ⵡⵊⴷⵉⵔ, ⵓⵔ ⴷ ⵅⴰⴼ-ⵏⵖ ⵉⵜⵜⵓⵟⵉ",لن نقترب من الجرف حتى لا يقع علينا.,"ur nttits ghr wjdir, ur d khaf-ngh ittuṭi","ور نتتيتس غر وجدير, ور د خاف-نغ يتتوطي",We will not approach the edge so it does not collapse on us.
ⵓⵔ ⵜⵜ ⵉⵜⴻⵜⵜ ⵓⵇⵣⵉⵏ ⴰⵍ ⵜⵜ ⵉⵙⵙⵔⵏⵓⵏⵏⵙ,لا يأكلها الكلب حتى يمرغها.,ur tt itett uqzin al tt issrnunns,ور تت يت°تت وقزين ال تت يسسرنوننس,The dog won't eat it until it rolls it around.
ⵓⵔ ⵜⵜⵉⵡⵉⵢⵜ ⵣⵣⵉ ⴷⴷⵓⵏⵛⵜ ⵖⵉⵔ ⵛⴱⵔ,لن تأخذ من الدنيا إلا شبر.,ur ttiwiyt zzi ddunsht ghir shbr,ور تتيوييت ززي ددونشت غير شبر,"""You will take nothing from this world except a small measure."""
"ⵓⵛⵛⵏ ⵉⵎⵛ ⵓⵔ ⵉⵡⵡⵉⵟ ⴰⵟⵉⵍ, ⵉⵜⵜⵉⵏⵉ ⵢⴰⵙ: ⵉⵙⵎⵎⴻⵎ",الذئب عندما لا يصل العنب يقول عنه: حامض.,"ushshn imsh ur iwwiṭ aṭil, ittini yas: ismmem","وششن يمش ور يوويط اطيل, يتتيني ياس: يسمم°م","The wolf, when it cannot reach the grapes, says they are sour."
ⵓⵛⵛⵏ ⵜⵜⴽⴽ ⵅⴰⴼ-ⵙ ⵉⵛⵜ ⵏ ⵍⵎⵕⵕⵜ,الذئب يعاني مرة واحدة.,ushshn ttkk khaf-s isht n lmṛṛt,وششن تتكك خاف-س يشت ن لمررت,The wolf suffers only once.
"ⵓⵜⵜⵛⵓ ⵣⴳ ⵓⵊⴷⵉⵔ, ⵜⵉⵙⴻⵙⵙⵉⵜ ⵣⴳ ⵓⵖⴷⵉⵔ",الأكل من الجرف والشرب من الغدير.,"uttshu zg ujdir, tisessit zg ughdir","وتتشو زڭ وجدير, تيس°سسيت زڭ وغدير",Eating from the cliff and drinking from the stream.
"ⵡⴰⵅⵅⴰ ⵍⵍⵓⵥⵏ ⵉⵊⵓⴷⴰⵔ, ⵓⵔ ⵍⵇⵇⵟⵏ ⵉⵃⵛⵍⴰⴼⵏ",ولو جاعت العقبان لن تلتقط الأعشاب الميتة أو الجافة.,"wakhkha lluẓn ijudar, ur lqqṭn iḥshlafn","واخخا للوزّن يجودار, ور لققطن يحشلافن","Even if the eagles go hungry, they will not pick at dead or dry grass."
"ⵡⵉ ⵛⵎ ⵉⵛⴽⵔⵏ ⴰ ⵜⴰⵙⵍⵉⵜ, ⵢⵎⵎⴰ ⴷ ⵅⴰⵍⵜⵉ",من أثنى عليك يا عروس، أمي وخالتي.,"wi shm ishkrn a taslit, ymma d khalti","وي شم يشكرن ا تاسليت, يمما د خالتي","""Who praised you, oh bride? My mother and my aunt."""
ⵡⵉ ⵜⵜ ⵖⴰ ⵢⴰⵡⵢⵏ ⴷⴰⴳ-ⵎ ⴰ ⵜⴰⴱⵚⵍⵜ ⵖⵉⵔ ⴰⴷ ⵜⵉⵍⵉ ⵜⴰⵎⴻⵎⵜ,من سيكترث بك يا بصلة عند وجود العسل.,wi tt gha yawyn dag-m a tabṣlt ghir ad tili tamemt,وي تت غا ياوين داڭ-م ا تابصلت غير اد تيلي تام°مت,"""Who would care about you, O onion, when there is honey?"""
ⵡⵉ ⵜⵜ ⵖⴰ ⵢⴰⵡⵢⵏ ⴷⴰⴳ- ⵎ ⴰ ⵜⴰⵃⵔⵉⵔⵜ ⵉⵟ ⵏ ⵍⵄⵉⴷ,من سيكترث بك يا حساء ليلة العيد.,wi tt gha yawyn dag- m a taḥrirt iṭ n l3id,وي تت غا ياوين داڭ- م ا تاحريرت يط ن لعيد,"Who will care about you, oh soup of the festive night?"
"ⵡⵏⵏ ⵖⴰ ⵢⵎⵎⵜⵏ ⵉⵍⵍⴰ, ⵡⵏⵏ ⵖⴰ ⵢⵏⵖⵏ ⵓⵔ ⵉⵍⵍⵉ",من سيموت موجود ومن سيقتل غير موجود.,"wnn gha ymmtn illa, wnn gha ynghn ur illi","ونن غا يممتن يللا, ونن غا ينغن ور يللي","""The one who will die exists, and the one who will kill does not exist."""
"ⵡⵏⵏ ⵖⵔ ⵍⵍⴰⵏⵜ ⵢⵙⵙⵉⵙ, ⵄⵎⴷⴰ ⵅⵅⵙ",من له بنات ويل له.,"wnn ghr llant yssis, 3mda khkhs","ونن غر للانت يسسيس, عمدا خخس","""Whoever has daughters, woe to him."""
ⵡⵏⵏ ⵉⵙⵖⵉⵏ ⴰⵡⵙⵙⴰⵔ ⵉⴷⴳⴳⵯⵍ ⵖⵔ ⵙⵙⵓⵇ ⴰⵣⵜⵛⴰ ⵢⵏ,من اشترى الهرم يرجع إلى السوق في الغد.,wnn isghin awssar idggⵯl ghr ssuq aztsha yn,ونن يسغين اوسسار يدڭڭⵯل غر سسوق ازتشا ين,The one who bought the pyramid will return to the market tomorrow.
"ⵡⵏⵏ ⵉⵜⵜⴳⴳⵯⴷⵏ, ⵓⵔ ⵅⴰⴼ-ⵙ ⵜⴻⵜⵜⵔⵓ ⵢⵎⵎⴰ-ⵙ",الذي يخاف لن تبكي عليه أمه.,"wnn ittggⵯdn, ur khaf-s tettru ymma-s","ونن يتتڭڭⵯدن, ور خاف-س ت°تترو يمما-س",He who is afraid will not be mourned by his mother.
"ⵡⵏⵏ ⵉⵜⵜⵛⴰ ⵡⵙⵓⴼ, ⵉⵎⵄⵄⵏ ⴷⵉ ⵜⵣⴳⴳⵯⴰⵔⵜ",من جرفه النهر يمسك بشجرة السدر.,"wnn ittsha wsuf, im33n di tzggⵯart","ونن يتتشا وسوف, يمععن دي تزڭڭⵯارت","""Whoever is swept away by the river clings to the sidr tree."""
"ⵡⵏⵏ ⵉⵜⵜⵛⵉⵏ ⵍⵃⵇⵇ ⵏⵏⵙ, ⵢⵓⴷⵔ ⵉ ⵜⵉⵟⵟⴰⵡⵉⵏ ⵏⵏⵙ",من أكل حقه، فليخفض عينيه.,"wnn ittshin lḥqq nns, yudr i tiṭṭawin nns","ونن يتتشين لحقق ننس, يودر ي تيططاوين ننس","""Whoever has been wronged, let them lower their gaze."""
"ⵡⵏⵏ ⵉⵜⵜ ⵉⵢⵢⵉⵏ ⵙ ⵓⴼⵓⵙ ⵏⵏⵙ, ⴰⴷ ⵜⵜ ⵉⴼⴽⴽ ⵙ ⵜⵖⵎⴰⵙ ⵏⵏⵙ",من فعلها بيده فليفكها بأسنانه.,"wnn itt iyyin s ufus nns, ad tt ifkk s tghmas nns","ونن يتت يييين س وفوس ننس, اد تت يفكك س تغماس ننس","""Whoever did it with their own hands must undo it with their teeth."""
"ⵡⵏⵏ ⵉⵜⵜⵄⴼⴼⴰⵏ, ⵓⵔ ⵉⵜⵜⴳⴳ ⵉⵖⵕⴹⴰⵏ",من يعيف لن يربي الأكتاف.,"wnn itt3ffan, ur ittgg ighṛḍan","ونن يتتعففان, ور يتتڭڭ يغرضان","""Whoever avoids effort will not build strength."""
"ⵡⵏⵏ ⵉⵟⴼⵕⵏ ⵜⵖⵟⵜ, ⴰⴷ ⵢⵓⵟⴰ ⵉ ⵡⵊⴷⵉⵔ",من تبع المعزة سيقع من الجرف.,"wnn iṭfṛn tghṭt, ad yuṭa i wjdir","ونن يطفرن تغطت, اد يوطا ي وجدير","""Whoever follows the goat will fall off the cliff."""
"ⵡⵏⵏ ⵉⵡⵜⴰ ⵡⴼⵓⵙ ⵏⵏⵙ, ⵓⵔ ⵉⵜⵜⵔⵓ",من صفعته يده لا يبكي.,"wnn iwta wfus nns, ur ittru","ونن يوتا وفوس ننس, ور يتترو","""He who is struck by his own hand does not cry."""
"ⵡⵏⵏ ⵉⵅⵙⵏ ⵜⴰⴼⵍⵍⴰⵃⵜ, ⴰⴷ ⵉⴱⵄⵄⴷ ⵜⴰⵎⵍⵍⴰⵃⵜ",من أراد الفلاحة فليبتعد عن التربة المالحة.,"wnn ikhsn tafllaḥt, ad ib33d tamllaḥt","ونن يخسن تافللاحت, اد يبععد تامللاحت","""Whoever seeks farming should stay away from salty soil."""
"ⵡⵏⵏ ⵉⵢⵢⵉⵏ ⵛⴰ, ⴰⴷ ⵜ ⵢⴰⴼ",من فعل شيئا، سيعثر عليه.,"wnn iyyin sha, ad t yaf","ونن يييين شا, اد ت ياف",Whoever does something will be held accountable for it.
ⵡⵏⵏ ⵉⵄⵍⴼⵏ ⵛⴰ ⵢⵏⴷⵀ ⵉ,من علف شيئا فليقده.,wnn i3lfn sha yndh i,ونن يعلفن شا ينده ي,"""Whoever feeds something, let them lead it."""
ⵡⵏⵏ ⵉⵄⵔⵔⵟⵏ ⵢⵍⵍⵉⵙ ⵙⴰⵔ ⵓⵔ ⵜⵎⵍⵉⵛ,من يعرض ابنته لن تتزوج.,wnn i3rrṭn yllis sar ur tmlish,ونن يعررطن يلليس سار ور تمليش,Translation Error
"ⵡⵏⵏ ⵙⵙⵜⵜⵛⴰⵏ ⵎⵉⴷⴷⵏ, ⵓⵔ ⵉⵛⴳⴳⵯⵉ",من يطعمه الناس لن يشبع.,"wnn ssttshan middn, ur ishggⵯi","ونن سستتشان ميددن, ور يشڭڭⵯي","""Whoever is fed by others will never be satisfied."""
"ⵡⵏⵏ ⵓⵎⵉ ⵢⵇⵇⵙ ⵓⵍⴼⵙⴰ, ⵉⵜⵜⴳⴳⵯⴷ ⵣⵣⵉ ⵜⵟⵔⵚⴰ",من لدغه الأفعوان يخاف من حبل الحلفاء.,"wnn umi yqqs ulfsa, ittggⵯd zzi tṭrṣa","ونن ومي يققس ولفسا, يتتڭڭⵯد ززي تطرصا","""Whoever has been bitten by a snake fears a piece of rope."""
"ⵡⵏⵏ ⵓⵔ ⵉⴽⴽⵉⵙⵏ ⵜⵉⵅⵜ ⵉ ⵢⵉⵅⴼ ⵏⵏⵙ, ⵓⵔ ⵜⵜ ⵉⵜⵜⴽⴽⵙ ⵉ ⵎⵉⴷⴷⵏ",من لم يزل الحرقة لنفسه لن يزيلها للناس.,"wnn ur ikkisn tikht i yikhf nns, ur tt ittkks i middn","ونن ور يككيسن تيخت ي ييخف ننس, ور تت يتتككس ي ميددن","""Whoever does not alleviate the pain for themselves will not alleviate it for others."""
ⵡⵏⵏ ⵓⵔ ⵉⵜⵜⵙⵜⵃⵉⵏ ⵉⵜⴻⵜⵜ ⴰⵍ ⵉⵛⵡⴰ,من لا يستحي يأكل حتى يشبع.,wnn ur ittstḥin itett al ishwa,ونن ور يتتستحين يت°تت ال يشوا,"""Whoever does not feel ashamed eats until they are full."""
"ⵡⵡⵜ ⴰⵎⵃⵔⴰⵙ, ⵜⵇⵇⵍⵜ ⵖⵔ ⵡⵓⴷⵎ ⵏ ⴱⴰⴱ ⵏⵏⵙ",اضرب الكلب وانظر في وجه صاحبه.,"wwt amḥras, tqqlt ghr wudm n bab nns","ووت امحراس, تققلت غر وودم ن باب ننس","""Hit the dog and look at its owner's face."""
"ⵢⵉⴼ ⵜⴰⵕⵡⴰ ⵏ ⵜⵎⴰⵍⵍⴰ, ⵡⴰⵍⴰ ⵜⴰⵕⵡⴰ ⵃⴰⵍⵍⴰ",ولادة اليمامة خير من الولادة الكثيرة.,"yif taṛwa n tmalla, wala taṛwa ḥalla","ييف تاروا ن تماللا, والا تاروا حاللا",The birth of a dove is better than many births.
ⵢⵓⴼⵉ ⵜⵜ ⵜⵡⵡⴰ ⵜⵄⴷⵍ,وجدها ناضجة ومعدة.,yufi tt twwa t3dl,يوفي تت تووا تعدل,He found it ripe and ready.
ⵢⵓⵊⵔ ⵍⵀⴹⵔⵜ ⴰⵏⵉⵙ ⴷ ⵜⴽⴽⴰ,تعدى الكلام من أين جاء.,yujr lhḍrt anis d tkka,يوجر لهضرت انيس د تككا,The words exceeded where they came from.
ⵢⵓⵍⵢ ⵓⵙⵓⴼ ⵅ ⵜⵔⴳⴰ,صعد النهر على الساقية.,yuly usuf kh trga,يولي وسوف خ ترڭا,He climbed the river onto the waterwheel.
ⵢⵓⵙⴷ ⵓⵎⴰⴷⵓⵏ ⵅ ⵓⵇⵏⵓⵛ,لاءم الكسكاس القدر.,yusd umadun kh uqnush,يوسد ومادون خ وقنوش,"""The colander fit the pot."""
ⵢⵓⵣⵢ ⵉⵜⵜ ⴰⵍ ⵜⵉⵖⵕⴹⵉⵏ ⵉⵇⴰⵍ ⵉⵜⵜ,سلخها إلى الكتفين وتركها.,yuzy itt al tighṛḍin iqal itt,يوزي يتت ال تيغرضين يقال يتت,He stripped it to the shoulders and left it.
ⵢⵢ ⵍⵅⵉⵔ ⵜⴻⵜⵜⵓⵜ ⵜ,افعل الخير وانسه.,yy lkhir tettut t,يي لخير ت°تتوت ت,Do good and forget about it.
"ⵣⵎⵓⵎⴳ ⵖⵔ ⵜⵎⵟⵟⵓⵟⵜ, ⵓⵔ ⵅⴰⴼ-ⵛ ⵜⵜⵔⵔⵉ ⵢⴰⵡⴰⵍ",ابتسم للمرأة ولن ترد عليك الكلام.,"zmumg ghr tmṭṭuṭt, ur khaf-sh ttrri yawal","زمومڭ غر تمططوطت, ور خاف-ش تترري ياوال","""Smile at the woman, and she will not respond to you."""
"ⵣⵣⵉⵏ ⵉⵍⵍⴰ ⵅ ⵓⵍⵉⵍⵉ, ⵓⵔ ⵅⴰⴼ-ⵙ ⵀⴷⴷⵉⵏⵜ ⵜⵣⵉⵣⵡⴰ, ⵓⵔ ⵜ ⵜⴻⵜⵜⵏ ⵉⵎⵓⵃⴰⵍ",الجمال على نبات الدفلى لن يجرس عليه النحل ولن تأكله الماشية.,"zzin illa kh ulili, ur khaf-s hddint tzizwa, ur t tettn imuḥal","ززين يللا خ وليلي, ور خاف-س هددينت تزيزوا, ور ت ت°تتن يموحال","The beauty of the oleander plant will not attract bees, nor will livestock eat it."
ⵄⴰⵢⵏ ⴰⵇⵎⵎⵓⵎ ⵏ ⵓⵍⵖⵎ ⴰⴷ ⵢⵓⵟⴰ,انتظر شفة الجمل لتسقط.,3ayn aqmmum n ulghm ad yuṭa,عاين اقمموم ن ولغم اد يوطا,"""Wait for the camel's lip to fall."""
