source_string,target_string,latin,arabic_script,english
"ⴰⴱⴷⴷⵉ ⵏ ⵍⵇⴱⵟⴰⵏ, ⵜⴰⵃⵔⴰⵢⵎⵉⵛⵜ ⵏ ⵛⵛⵉⵟⴰⵏ  -ⵜⴰⵃⵕⵓⵕⵜ",وقوف القبطان ومكر الشيطان!– الفلفلة.,"abddi n lqbṭan, taḥraymisht n shshiṭan  -taḥṛuṛt","ابددي ن لقبطان, تاحرايميشت ن ششيطان  -تاحرورت","""The captain's stance and the devil's cunning! – The chili pepper."""
"ⴰⴽⵉⴹⴰⵔ ⵉⵏⵓ ⵢⵖⵎⵙ ⴷⵉ ⵜⵎⵓⵔⵜ, ⵙⵙⴱⵉⴱ ⵏⵏⵙ ⵢⵓⵍⵢ ⴷⴳ ⵓⵊⵏⵏⴰ  -ⵜⴰⴱⵚⵍⵜ / ⵜⴰⵍⵉⴷⴰⵎⵜ",حصاني مغطى في الأرض وشعره طالع في السماء!– البصلة.,"akiḍar inu yghms di tmurt, ssbib nns yuly dg ujnna  -tabṣlt / talidamt","اكيضار ينو يغمس دي تمورت, سسبيب ننس يولي دڭ وجننا  -تابصلت / تاليدامت","""My horse is covered in the ground, and its hair reaches the sky! – The onion."""
ⴰⴽⵙⵓⵎ ⵉⵙⵙⵖⵎⴰⵢ ⵉⵙⵏⵏⴰⵏⵏ  -ⵉⵏⵙⵉ / ⴱⵓⵎⵃⵏⴷ,لحم ينبت الشوك!– القنفذ.,aksum issghmay isnnann  -insi / bumḥnd,اكسوم يسسغماي يسننانن  -ينسي / بومحند,"""Meat that grows thorns! – The hedgehog."""
"ⴰⵎⵣⵡⴰⵔ ⵏⵏⵙ ⴷ ⴰⵎⵍⵍⴰⵍ, ⴰⵖⵎⴰⵢ ⵏⵏⵙ ⴷ ⴰⵣⵉⵣⴰ, ⴰⵏⴳⴳⴰⵔ ⵏⵏⵙ ⴷ ⴰⵎⵍⵍⴰⵍ  -ⵉⵎⵏⴷⵉ",أوله أبيض وإنباته أخضر وآخره أبيض!– الشعير.,"amzwar nns d amllal, aghmay nns d aziza, anggar nns d amllal  -imndi","امزوار ننس د امللال, اغماي ننس د ازيزا, انڭڭار ننس د امللال  -يمندي","""Its beginning is white, its growth is green, and its end is white! – Barley."""
"ⴰⵎⵣⵡⴰⵔ ⵏⵏⵙ ⴷ ⴰⵎⵍⵍⴰⵍ, ⴰⵏⵎⵎⴰⵙ ⵏⵏⵙ ⴷ ⴰⵣⵉⵣⴰ, ⴰⵏⴳⴳⴰⵔ ⵏⵏⵙ ⴷ ⴰⴱⵔⵛⴰⵏ  -ⴰⵣⵛⵜⵓⵏ",أوله أبيض ووسطه أخضر وآخره أسود!– الزيتون.,"amzwar nns d amllal, anmmas nns d aziza, anggar nns d abrshan  -azshtun","امزوار ننس د امللال, انمماس ننس د ازيزا, انڭڭار ننس د ابرشان  -ازشتون","""Its beginning is white, its middle is green, and its end is black! – The olive."""
"ⴰⵏⵉⵙ ⵎⵎⴰ ⵜⴽⴽⴰ, ⵜⵙⵙⵟⴼⴰⵕ ⵉ ⴼⵓⵍⵍⵓⵙⵏ ⵏⵏⵙ  -ⵚⵚⵉⵏⵉⵢⴰ",أينما ذهبت تُتبع كتاكيتها!– الصينية.,"anis mma tkka, tssṭfaṛ i fullusn nns  -ṣṣiniya","انيس مما تككا, تسسطفار ي فوللوسن ننس  -صصينييا","""Wherever she goes, her chicks follow her! – Chinese."""
ⴰⵏⵉⵙ ⵎⵎⴰ ⵜⴽⴽⵉⵜ ⵜⵟⴼⵕ ⵉⵛ  -ⵜⵉⵍⵉ,أينما مررت يتبعك!– الظل.,anis mma tkkit tṭfṛ ish  -tili,انيس مما تككيت تطفر يش  -تيلي,"Wherever you go, it follows you! – The shadow."
"ⴰⵏⵉⵙ ⵎⵎⴰ ⵢⴽⴽⴰ, ⵉⴽⵙⵙⵉ ⵔⵔⵃⵉⵍ ⵏⵏⵙ  -ⴱⵓⵄⴱⵓⵄ",أينما مر يحمل متاعه!– الحلزون.,"anis mma ykka, ikssi rrḥil nns  -bu3bu3","انيس مما يككا, يكسسي ررحيل ننس  -بوعبوع","Wherever it goes, it carries its belongings! – The snail."
"ⴰⵏⵉⵙ ⵎⵎⴰ ⵢⴽⴽⴰ, ⵉⵙⵏⵏⴰⵏⵏ ⵅ ⵓⵙⵔⵓⴼ ⵏⵏⵙ  -ⵉⵏⵙⵉ / ⴱⵓⵎⵃⵏⴷ",أينما مر، الشوك على ظهره!– القنفذ.,"anis mma ykka, isnnann kh usruf nns  -insi / bumḥnd","انيس مما يككا, يسننانن خ وسروف ننس  -ينسي / بومحند","""Wherever it goes, thorns are on its back! – The hedgehog."""
"ⴰⵏⵓ ⵅ ⵡⴰⵏⵓ, ⴰⵎⴰⵏ ⵡⴰⵍⵓ  -ⵖⴰⵏⵉⵎ",بئر على بئر ولا وجود للماء!– القصبة.,"anu kh wanu, aman walu  -ghanim","انو خ وانو, امان والو  -غانيم","A well upon a well, yet no water exists! – The Kasbah."
"ⴰⵏⵥⴰⵕ ⵉⵜⵜⵛⴰⵜ, ⵜⵉⵛⵛⵡⵜ ⵜⵜⴰⵍⵢ  -ⵜⴰⵍⵍⵓⵏⵜ ⴷ ⵡⴰⵔⵏ",المطر يهطل والقمة ترتفع!– الغربال والدقيق.,"anẓaṛ ittshat, tishshwt ttaly  -tallunt d warn","انزّار يتتشات, تيششوت تتالي  -تاللونت د وارن","The rain falls, and the summit rises! – The sieve and the flour."
"ⴰⵔⴳⴰⵣ ⵓⵄⵡⵉⵊ, ⵖⴰⵔ-ⵙ ⵃⴰⵍⵍⴰ ⵏ ⵜⵖⵎⴰⵙ, ⵓⵔ ⵉⵜⵜⵉⵃⵍ ⵙ ⵢⵉⵟ ⵓⵍⴰ ⵙ ⵡⴰⵙⵙ  -ⴰⵎⵊⵔ",رجل مقوس لديه الكثير من الأسنان لا يتعب ليلا ولا نهارا!– المنجل.,"argaz u3wij, ghar-s ḥalla n tghmas, ur ittiḥl s yiṭ ula s wass  -amjr","ارڭاز وعويج, غار-س حاللا ن تغماس, ور يتتيحل س ييط ولا س واسس  -امجر",A curved man with many teeth who never tires day or night! – The sickle.
"ⴰⵙⵔⵓⴼ ⵏⵏⵙ ⵏ ⴹⴹⵓⴼⵜ, ⵜⴰⴷⵉⵙⵜ ⵏⵏⵙ ⴷ ⵢⵉⴼⵔⵉ, ⴰⵛⴼⴼⴰⵢ ⵏⵏⵙ ⵉⵜⵜⴽⴽⵙ ⵍⵀⵍⴰⵛ ⵣⵣⵉ ⴷⴷⵉⵙⵜ  -ⵜⵉⵅⵙⵉ",ظهرها من الصوف وبطنها كهف وحليبها يزيل المرض من البطن!– النعجة.,"asruf nns n ḍḍuft, tadist nns d yifri, ashffay nns ittkks lhlash zzi ddist  -tikhsi","اسروف ننس ن ضضوفت, تاديست ننس د ييفري, اشففاي ننس يتتككس لهلاش ززي دديست  -تيخسي","""Its back is wool, its belly is a cave, and its milk cures stomach ailments! – The sheep."""
"ⴰⵛⵔⵓⵙ ⵅ ⵓⵛⵔⵓⵙ, ⵉⵖⵏⴰⵏ ⵅ ⵢⵉⵅⴼ ⵏ ⵓⵛⵔⵓⵙ  -ⵜⵖⵉⵔⴷⵎⵜ",عقدة على عقدة والألم على رأس العقدة!– العقرب.,"ashrus kh ushrus, ighnan kh yikhf n ushrus  -tghirdmt","اشروس خ وشروس, يغنان خ ييخف ن وشروس  -تغيردمت","A knot upon a knot, and the pain atop the knot! – The Scorpion."
"ⴰⵜⵔⵔⴰⵙ  ⵉⵜⵜⵎⵜⵜⴰ, ⵉⵜⴷⵊⴰ  ⴷ  ⵢⵉⵃⵔⴰⵡⵏ  -ⵍⵇⴰⵍⴱ ⵏ ⵙⵙⴽⴽⵯⴰⵔ",يموت الرجل ويترك الملابس!– قالب السكر.,"atrras  ittmtta, itdja  d  yiḥrawn  -lqalb n sskkⵯar","اترراس  يتتمتتا, يتدجا  د  ييحراون  -لقالب ن سسككⵯار",The man dies and leaves behind his clothes! – A sugar mold.
"ⴰⵡⵍⵉⵡⵏ ⵉⵜⵜⵉⵏⵉ ⵜⵏ, ⴰⵙⵉⵡⵍ ⵓⵔ ⵉⵙⵙⵡⵉⵍ  -ⵙⵙⵜⵉⵍⵓ",التعابير يقولها والكلام لا يتكلم!– القلم الجاف.,"awliwn ittini tn, asiwl ur isswil  -sstilu","اوليون يتتيني تن, اسيول ور يسسويل  -سستيلو","""The expressions speak, but the words remain silent! – The ballpoint pen."""
"ⴰⵅⵔⴼⵉ ⵏ ⴱⴰⵔⵃⵔⴰⵃ, ⵉⴽⴽⴰ ⵢⴰⴷⵔⴰⵔ ⵉⵕⴰⵃ  -ⴰⵟⵓ","كبش ""برحراح"" مر من الجبل وراح!– الريح.","akhrfi n barḥraḥ, ikka yadrar iṛaḥ  -aṭu","اخرفي ن بارحراح, يككا يادرار يراح  -اطو","A ram named ""Barhrah"" passed by the mountain and went away! – The wind."
"ⴰⵅⵔⴼⵉ ⵢⴰⴱⵔⵛⴰⵏ ⵉⵙⵙⵎⵓⵏⵓ ⵜⴰⴹⵓⴼⵜ ⵏⵏⵙ, ⴰⵅⵔⴼⵉ ⵢⴰⵎⵍⵍⴰⵍ ⵉⵜⵜⵣⵍⵍⴰⵄ ⵜⴰⴹⵓⴼⵜ ⵏⵏⵙ  -ⵉⵟ ⴷ ⵡⴰⵙⵙ",الكبش الأسود يجمع صوفه والكبش الأبيض يلقي صوفه!– الليل والنهار.,"akhrfi yabrshan issmunu taḍuft nns, akhrfi yamllal ittzlla3 taḍuft nns  -iṭ d wass","اخرفي يابرشان يسسمونو تاضوفت ننس, اخرفي يامللال يتتزللاع تاضوفت ننس  -يط د واسس","The black ram gathers its wool, and the white ram sheds its wool! – Night and day."
"ⴰⵅⵔⴼⵉ ⵢⵏⵓ ⴷ ⴰⴼⵕⵟⴰⵙ, ⵉⵕⵥⵥⵎ ⵜⴰⵡⵡⵓⵔⵜ ⴰⵎ ⵏⵜⵜⴰ ⴰⵎ ⵓⵜⵔⵔⴰⵙ  -ⵜⵏⴰⵙⵜ",كبشي بدون قرون يفتح الباب كالرجل القوي!– المفتاح.,"akhrfi ynu d afṛṭas, iṛẓẓm tawwurt am ntta am utrras  -tnast","اخرفي ينو د افرطاس, يرزّزّم تاووورت ام نتتا ام وترراس  -تناست","""My ram without horns opens the door like a strong man! – The key."""
ⴰⵢⵏⵏ ⵜⵚⴱⵃⵜ ⴰ ⵢⴰⵖⵣⵣⴰⵍ ⴰ ⵎⵉⵍⵍⵉ ⵜⴻⵜⵜⵡⴰⴽⵙⵉⵜ  -ⴰⵍⴼⵙⴰ / ⵃⵉⵡⵛ,ما أجملك يا أيتها العصا لو تحملين!– الأفعوان.,aynn tṣbḥt a yaghzzal a milli tettwaksit  -alfsa / ḥiwsh,اينن تصبحت ا ياغززال ا ميللي ت°تتواكسيت  -الفسا / حيوش,"How beautiful you are, O stick, if only you could carry! – The serpent."
"ⴰⵢⵏⵏ ⵜⵓⵕⵡ ⵣⴳ ⵉⵃⵟⵉⵟⵏ, ⵜⵖⵎⵙ ⴰⵙⵏ ⵙ ⵉⵡⵔⵉⵇⵏ  -ⵜⴰⵅⵙⴰⵛⵜ",ما أنجبته من أطفال غطتهم بالأوراق!– اليقطينة.,"aynn tuṛw zg iḥṭiṭn, tghms asn s iwriqn  -takhsasht","اينن تورو زڭ يحطيطن, تغمس اسن س يوريقن  -تاخساشت","""The children I gave birth to, I covered them with leaves! – The pumpkin."""
"ⴰⵢⵏⵏ ⵜⵣⴳⵔⵜⵜ ⴰ ⵢⴰⴱⵔⵉⴷ, ⴰⵢⵏⵏ ⵜⵖⴰⵕⵎ ⴰ ⵢⵉⴽⵙⴰⵏ  -ⵙⵓⴼ",كلما طال الطريق كلما ركضت الخيول!– الواد.,"aynn tzgrtt a yabrid, aynn tghaṛm a yiksan  -suf","اينن تزڭرتت ا يابريد, اينن تغارم ا ييكسان  -سوف","""The longer the road, the more the horses run! – The Valley."""
"ⴰⵣⵍⵍⵉⴼ ⵏⵏⵙ ⴷⵉ ⵜⵎⵓⵔⵜ, ⵉⵟⴰⵕⵏ ⵏⵏⵙ ⴷⴳ ⵓⵊⵏⵏⴰ  -ⴰⴱⵕⵡⵉⵟ",رأسه في الأرض ورجلاه في السماء!– عربة اليد.,"azllif nns di tmurt, iṭaṛn nns dg ujnna  -abṛwiṭ","ازلليف ننس دي تمورت, يطارن ننس دڭ وجننا  -ابرويط","""His head is on the ground and his feet are in the sky! – The wheelbarrow."""
"ⴰⵄⴷⴷⵉⵙ ⵏ ⵓⴽⵛⵛⵓⵟ, ⴰⵙⵜⵜⴰⵡ ⵏ ⵍⵃⴷⵉⴷ, ⴰⵣⵍⵍⵉⴼ ⵏ ⵓⵛⴰⵍ ⵉⵜⴻⵜⵜ ⵜⴰⵜⵛⴰ  -ⵙⵙⴱⵙⵉ",بطن من خشب وحزام من حديد ورأس من تراب يأكل القش!– الغليون.,"a3ddis n ukshshuṭ, asttaw n lḥdid, azllif n ushal itett tatsha  -ssbsi","اعدديس ن وكششوط, استتاو ن لحديد, ازلليف ن وشال يت°تت تاتشا  -سسبسي","""A belly of wood, a belt of iron, and a head of clay that eats straw! – The pipe."""
"ⴱⴰⵇⵇⴰⵕ ⵉⵜⵜⴰⵢⵎ ⴰⵎⴰⵏ ⵉ ⴱⵔⵔⴰⵔⵊ, ⴱⵔⵔⴰⵔⵊ ⵉⴱⵟⵟⵓ ⵅ ⵡⴰⵕⴰ ⵏⵏⵙ  -ⴰⵖⵍⵍⴰⵢ ⴷ ⵓⴱⵔⵉⵇ ⴷ ⵍⴽⵉⵙⴰⵏ",يسقي الغراب الماء للقلاق، واللقلاق يوزع على صغاره!– الغلاية والإبريق والكؤوس.,"baqqaṛ ittaym aman i brrarj, brrarj ibṭṭu kh waṛa nns  -aghllay d ubriq d lkisan","باققار يتتايم امان ي بررارج, بررارج يبططو خ وارا ننس  -اغللاي د وبريق د لكيسان","The crow gives water to the stork, and the stork distributes it to its young ones! – The kettle, the jug, and the cups."
ⴷⴰⴷⴷⴰ ⴷ ⴰⵣⵉⵣⴰ ⵏ ⵓⵣⵍⵍⵉⴼ  -ⵍⵓⵇⵉⴷ,جدي أزرق الرأس!– عود الثقاب.,dadda d aziza n uzllif  -luqid,داددا د ازيزا ن وزلليف  -لوقيد,"""My grandpa has a blue head! – The matchstick."""
ⴷⴰⴷⴷⴰ ⴷ ⵓⴼⵜⵉⵃ ⵏ ⵢⵉⴷⵎⴰⵔⵏ  -ⵉⵔⴷⵏ,جدي مفتوح الصدر!– القمح.,dadda d uftiḥ n yidmarn  -irdn,داددا د وفتيح ن ييدمارن  -يردن,"""My grandfather is open-hearted! – The wheat."""
"ⴷⴰⴷⴷⴰ ⵢⵛⵟⵟⵃ, ⵏⴰⵏⵏⴰ ⵜⴱⴱⵓⵟⵟⵃ  -ⵜⴰⵍⵍⵓⵏⵜ ⴷ ⵜⵏⴷⵓⵜ",جدي يرقص وجدتي ممددة!– الغربال وسلة الدوم المنبسطة.,"dadda yshṭṭḥ, nanna tbbuṭṭḥ  -tallunt d tndut","داددا يشططح, ناننا تببوططح  -تاللونت د تندوت","My grandfather is dancing, and my grandmother is lying down! – The sieve and the flat doum basket."
ⴷⴰⴷⴷⴰ ⵢⵓⵢⵍ ⵣⵉ ⵜⴼⵔⵄⵉⵛⵜ  -ⴰⵣⵛⵜⵓⵏ,جدي معلق بغصين!– ثمرة الزيتون.,dadda yuyl zi tfr3isht  -azshtun,داددا يويل زي تفرعيشت  -ازشتون,"""My grandpa is hanging on a twig! – The olive fruit."""
"ⴷ ⴰⵎⵍⵍⴰⵍ ⴰⵎ ⴷⴷⵓⵏⵜ, ⴷ ⴰⴱⵔⵛⴰⵏ ⴰⵎ ⵜⴰⵍⵍⴰⵙⵜ, ⵉⵟⴰⵕⵏ ⵏⵏⵙ ⴰⵎ ⵓⵥⴹⵉ  -ⴱⵔⵔⴰⵔⵊ",أبيض كالشحم وأسود كالظلام ورجلاه كالمغزل!– اللقلاق.,"d amllal am ddunt, d abrshan am tallast, iṭaṛn nns am uẓḍi  -brrarj","د امللال ام ددونت, د ابرشان ام تاللاست, يطارن ننس ام وزّضي  -بررارج","""White as fat, black as darkness, and its legs like a spindle! – The stork."""
"ⴷ ⴰⵎⵍⵍⴰⵍ ⴰⵎ ⵓⴷⴼⵍ, ⵉⵙⴻⵙⵙ ⴰⵎ ⵢⵉⵣⵉⵎⵔ  -ⴰⵔⵛⵜⵉ",أبيض كالثلج ويشرب كالخروف!– العجين.,"d amllal am udfl, isess am yizimr  -arshti","د امللال ام ودفل, يس°سس ام ييزيمر  -ارشتي","""White as snow and drinks like a sheep! – Dough."""
"ⴷ ⴰⵎⵏⴰⵏⵏⴰⵟ ⴰⵎ ⵜⵇⵕⵉⵚⵜ, ⵉⵜⵜⵉⵏⵥⵉ ⵢⴰⵎ ⵜⵖⵟⵟ  -ⴰⵍⵍⵓⵏ",مدور كالخبزة ويصيت كالمعزاة!– الدف.,"d amnannaṭ am tqṛiṣt, ittinẓi yam tghṭṭ  -allun","د امنانناط ام تقريصت, يتتينزّي يام تغطط  -اللون","""Round like bread and bleats like a goat! – The drum."""
"ⴷ ⴰⵎⵏⴰⵏⵏⴰⵟ ⴷ ⴰⵣⴳⵔⴰⵔ, ⵉⵜⵜⵡⴰⴱⵟⵓ ⵅ ⵜⵍⴰⵜⴰ, ⵔⵔⴱⵃ ⵏⵏⵙ ⵖⵔ ⴷⴰⵜ  -ⵜⵜⵙⴱⵉⵃ",مدور وطويل، مقسم على ثلاثة، منفعته في المستقبل!– السبحة.,"d amnannaṭ d azgrar, ittwabṭu kh tlata, rrbḥ nns ghr dat  -ttsbiḥ","د امنانناط د ازڭرار, يتتوابطو خ تلاتا, رربح ننس غر دات  -تتسبيح","Round and long, divided into three, its benefit is in the future! – The prayer beads."
"ⴷ ⴰⵏⵄⵟⴰⵍⵍⴰⵎ ⴷ ⴰⴷⵔⵖⴰⵍ, ⵎⴰⵛⴰ ⵎⴰ ⵢⵎⵄⵏ ⵉⵛ ⵓⵔ ⴰⵛ ⵉⵕⵥⵥⵎ ⴰⵍ ⴷ ⵢⴰⵙ ⴱⴰⴱ ⵏⵏⵙ  -ⵜⴰⵅⵛⴱⵜ",معاق وأعمى إذا أمسك بك لن يطلقك حتى يأتي صاحبه!– الفخ.,"d an3ṭallam d adrghal, masha ma ym3n ish ur ash iṛẓẓm al d yas bab nns  -takhshbt","د انعطاللام د ادرغال, ماشا ما يمعن يش ور اش يرزّزّم ال د ياس باب ننس  -تاخشبت","""Disabled and blind, if it catches you, it won't let go until its owner comes! – The trap."""
"ⴷ ⴰⵡⵎⴰⵜⵏ, ⵎⴰⵛⴰ ⵓⵔ ⵜⵜⵎⵓⵏⵏ ⵅ ⵎⴰⵜⵜⵛⴰ (ⵓⵜⵜⵛⵓ)  -ⵉⵇⵣⵉⵏⵏ",إخوة ولا يجتمعون على طعام!– الكلاب.,"d awmatn, masha ur ttmunn kh mattsha (uttshu)  -iqzinn","د اوماتن, ماشا ور تتمونن خ ماتتشا (وتتشو)  -يقزينن","""Brothers who never gather over food! – Dogs."""
"ⴷⴳ ⵢⵉⵢⵢⵔ ⴷ ⴰⵣⵉⵣⴰ, ⴷⵉ ⵙⵙⵓⵇ ⴷ ⴰⴱⵔⵛⴰⵏ, ⴷⴳ ⵓⵅⵅⴰⵎ ⴷ ⴰⵣⴳⴳⵯⴰⵖ  -ⴰⵜⴰⵢ",في الحقل أخضر وفي السوق أسود وفي المنزل أحمر!– الشاي.,"dg yiyyr d aziza, di ssuq d abrshan, dg ukhkham d azggⵯagh  -atay","دڭ يييير د ازيزا, دي سسوق د ابرشان, دڭ وخخام د ازڭڭⵯاغ  -اتاي","In the field, it's green; in the market, it's black; and at home, it's red! – Tea."
"ⴷⵉ ⵜⵣⴳⵉ ⴷ ⴰⵣⵉⵣⴰ, ⴷⵉ ⵙⵙⵓⵇ ⴷ ⴰⴱⵔⵛⴰⵏ, ⴷⴳ ⵓⵅⵅⴰⵎ ⴷ ⴰⵣⴳⴳⵯⴰⵖ  -ⵍⴼⴰⵅⵔ",في الغابة أخضر وفي السوق أسود وفي المنزل أحمر!– الفحم.,"di tzgi d aziza, di ssuq d abrshan, dg ukhkham d azggⵯagh  -lfakhr","دي تزڭي د ازيزا, دي سسوق د ابرشان, دڭ وخخام د ازڭڭⵯاغ  -لفاخر","In the forest, it is green; in the market, it is black; and at home, it is red! – Charcoal."
"ⴼⵓⵙ ⵉⵏⵓ ⴷⴳ ⵓⴼⵓⵙ ⵏⵏⵙ, ⵉⵎⵉ ⵢⵏⵓ ⴷⴳ ⵢⵉⵎⵉ ⵏⵏⵙ, ⵜⵉⵟⵟⴰⵡ ⵉⵏⵓ ⴷⴳ ⵓⵄⴷⴷⵉⵙ ⵏⵏⵙ  -ⴰⵖⵕⵕⴰⴼ",يدي في يده وفمي في فمه وعيناي في بطنه!– الغراف.,"fus inu dg ufus nns, imi ynu dg yimi nns, tiṭṭaw inu dg u3ddis nns  -aghṛṛaf","فوس ينو دڭ وفوس ننس, يمي ينو دڭ ييمي ننس, تيططاو ينو دڭ وعدديس ننس  -اغرراف","""My hand is in his hand, my mouth is in his mouth, and my eyes are in his belly! – The pitcher."""
"ⴳⴳⴰⵔⵖ ⵜⵜ ⵣⵣⵉ ⵙⵙⵟⵃ, ⵓⵔ ⵜⵕⵥⵥⵉ  -ⵜⴰⴹⵓⴼⵜ",أرميها من السطح ولا تنكسر!– الصوف.,"ggargh tt zzi ssṭḥ, ur tṛẓẓi  -taḍuft","ڭڭارغ تت ززي سسطح, ور ترزّزّي  -تاضوفت",Throw it from the roof and it won't break! – Wool.
"ⵖⴰⵔⴼ ⵅ ⵓⵖⴰⵔⴼ ⵉⵍⵉⴷ ⴷ ⵜⴰⵙⵉⵔⵜ, ⵜⵉⵟⴰⵕⵉⵏ ⵜⴰⵣⵍⵍⵉⴼⵜ ⵉⵍⵉⴷ ⴷ ⵎⵓⵛⵛ -ⴰⴼⴽⵕⵓⵏ",حجر على حجر وليس برحى، أرجل ورأس وليس بقط!– السلحفاة.,"gharf kh ugharf ilid d tasirt, tiṭaṛin tazllift ilid d mushsh -afkṛun","غارف خ وغارف يليد د تاسيرت, تيطارين تازلليفت يليد د موشش -افكرون","""Stone upon stone, but not a millstone; legs and a head, but not a cat! – The turtle."""
"ⵖⴰⵔ-ⵉ ⴷⴰⴷⴷⴰ ⴷ ⴰⴷⵔⵖⴰⵍ, ⴷ ⴰⵎⵏⵏⵓⵇⵇⴱ ⵉⵏⵉⵔⵣ  -ⵉⵙⵙⵊⵏⵉ",لدي جد أعمى مثقوب الكعب!– المخياط.,"ghar-i dadda d adrghal, d amnnuqqb inirz  -issjni","غار-ي داددا د ادرغال, د امننوققب ينيرز  -يسسجني","""I have a blind grandfather with a pierced heel! – The tailor."""
"ⵖⴰⵔ-ⵉ ⵔⴱⵄⴰ ⵏ ⵉⵇⵚⵔⵉⵢⵏ, ⵏⵏⴱⵕⵎⵏ ⵅ ⵡⵓⴷⵎ ⵓⵔ ⵜⵣⵍⵍⵉⵄⵏ  -ⵜⵉⵥⵉ ⵏ ⵜⴼⵓⵏⴰⵙⵜ",لدي أربعة أوعية مقلوبة على وجهها ولا تسيل!– أضرع البقرة.,"ghar-i rb3a n iqṣriyn, nnbṛmn kh wudm ur tzlli3n  -tiẓi n tfunast","غار-ي ربعا ن يقصريين, ننبرمن خ وودم ور تزلليعن  -تيزّي ن تفوناست","""I have four upside-down bowls that don't spill! – A cow's udders."""
"ⵖⴰⵔ-ⵉ ⵙⵏⴰⵜ ⵏ ⵜⵉⵇⴱⴰⵛ, ⵓⵊⵍⵏⵜ ⴷⴳ ⵓⵊⴷⵉⵔ  -ⵜⵉⵎⵊⵊⵉⵏ",لدي جرتان معلقتان بالجرف!– الأذنان.,"ghar-i snat n tiqbash, ujlnt dg ujdir  -timjjin","غار-ي سنات ن تيقباش, وجلنت دڭ وجدير  -تيمججين","""I have two jars hanging from the shelf!– The ears."""
"ⵖⴰⵔ-ⵉ ⵙⵏⴰⵜ ⵏ ⵢⵙⵙⵉ, ⴰⵏⵉ ⵜⵏⵜ ⵎⵎⴰ ⵙⵙⵉⴼⵟⵖ ⵕⴰⵃⵏⵜ  -ⵜⵉⵟⵟⴰⵡⵉⵏ / ⴰⵍⵍⵏ",لدي بنتان أينما أرسلتهما تذهبان!– العينان.,"ghar-i snat n yssi, ani tnt mma ssifṭgh ṛaḥnt  -tiṭṭawin / alln","غار-ي سنات ن يسسي, اني تنت مما سسيفطغ راحنت  -تيططاوين / اللن",I have two daughters who go wherever I send them! – The eyes.
"ⵖⴰⵔ-ⵉ ⵙⵏ ⵏ ⵉⴷⵓⵔⴰⵙ ⵏ ⵡⵓⵍⵍⵉ, ⴷⵔⵙⵏ ⴷⵉ ⵙⵏ ⵏ ⵉⵙⵖⵡⴰⵏ ⴷ ⵉⵣⴳⴳⵯⴰⵖⵏ  -ⵜⵉⵖⵎⴰⵙ",لدي صفان من النعاج مرصوفان في حبلين أحمرين!– الأسنان.,"ghar-i sn n iduras n wulli, drsn di sn n isghwan d izggⵯaghn  -tighmas","غار-ي سن ن يدوراس ن ووللي, درسن دي سن ن يسغوان د يزڭڭⵯاغن  -تيغماس","""I have two rows of sheep lined up on two red ropes! – The teeth."""
"ⵖⴰⵔ-ⵉ ⵙⵏ ⵏ ⵢⵉⵅⵕⴼⵉⵢⵏ, ⵉⴷⵊ ⴷ ⴰⵎⵍⵍⴰⵍ ⴷ ⵉⴷⵊ ⴷ ⴰⴱⵔⵛⴰⵏ  -ⴰⵙⵙ ⴷ ⵢⵉⵟ",لدي كبشان واحد أبيض والآخر أسود!– النهار والليل.,"ghar-i sn n yikhṛfiyn, idj d amllal d idj d abrshan  -ass d yiṭ","غار-ي سن ن ييخرفيين, يدج د امللال د يدج د ابرشان  -اسس د ييط","I have two rams, one white and the other black! – Day and night."
"ⵖⴰⵔ-ⵉ ⵙⵏ ⵏ ⵢⵉⵅⵕⴼⵉⵢⵏ, ⵍⴱⴷⴰ ⵜⵜⵎⵙⵡⵜⴰⵏ  -ⵉⵇⵕⴹⴰⵛⵏ",لدي خروفان دائما يتصارعان!– مشطا الصوف.,"ghar-i sn n yikhṛfiyn, lbda ttmswtan  -iqṛḍashn","غار-ي سن ن ييخرفيين, لبدا تتمسوتان  -يقرضاشن","""I have two sheep that are always fighting! – Comb the wool."""
"ⵖⴰⵔ-ⵉ ⵜⴰⴼⵓⵏⴰⵙⵜ ⵜⴽⴽⴰⵍ ⴷⵉ ⵜⵣⴳⵉ ⵓⵔ ⵜⵜⴻⵜⵜ ⵓⵔ ⵜⵙⴻⵙⵙ, ⵖⵉⵔ ⴰⴷ ⵢⴰⵡⵟ ⵢⵉⵟ ⵜⴰⵙⴷ ⴰⴷ ⵜⵊⵏ  -ⵍⴽⴰⵛⵛⴰ",لدي بقرة تظل في الغابة بدون أكل ولا شرب وعندما يحل الظلام تعود إلى النوم!– الغطاء.,"ghar-i tafunast tkkal di tzgi ur ttett ur tsess, ghir ad yawṭ yiṭ tasd ad tjn  -lkashsha","غار-ي تافوناست تككال دي تزڭي ور تت°تت ور تس°سس, غير اد ياوط ييط تاسد اد تجن  -لكاششا","I have a cow that stays in the forest without eating or drinking, and when night falls, it goes back to sleep! – The blanket."
"ⵖⴰⵔ-ⵉ ⵜⵃⵉⵎⵔⵜ ⵏ ⵍⵎⴰⵍ, ⵓⵔ ⵙⵙⵉⵏⵖ ⵍⵃⵙⴰⴱ ⵏⵏⵙ, ⵎⵉⵍⵍⵉ ⵢⴰⴷ ⵉⵕⴰⵃ ⵛⵕⴰ ⴼⵇⴷⵖ ⵜ  -ⵓⵙⵜⵓ ⵏ ⵓⵥⵟⵟⴰ",لدي قطيع من الأغنام أجهل عدده، إذا نقص شيء منه أحسست به!– سداة النسيج.,"ghar-i tḥimrt n lmal, ur ssingh lḥsab nns, milli yad iṛaḥ shṛa fqdgh t  -ustu n uẓṭṭa","غار-ي تحيمرت ن لمال, ور سسينغ لحساب ننس, ميللي ياد يراح شرا فقدغ ت  -وستو ن وزّططا","""I have a flock of sheep whose number I do not know; if something is missing from it, I feel it!"" – The warp of the fabric."
"ⵖⴰⵔ-ⵉ ⵢⴰⴽⵉⴹⴰⵕ, ⵉⵜⵜⵡⴰⵇⵇⵏ ⴷⵉ ⵜⴰⴷⴷⴰⵔⵜ ⵏ ⵢⵉⵅⵙⴰⵏ  -ⵉⵍⵙ",لدي حصان رُبط في منزل العظام!– اللسان.,"ghar-i yakiḍaṛ, ittwaqqn di taddart n yikhsan  -ils","غار-ي ياكيضار, يتتواققن دي تاددارت ن ييخسان  -يلس","""I have a horse tied in the house of bones! – The tongue."""
ⵖⴰⵔ-ⵉ ⵢⴰⵍⵎⵓ ⵡⵔ ⵜ ⵉⵙⵙⵖⵎⵢ ⵓⵛⴰⵍ  -ⴰⵛⴱⴱⵓⴱ / ⴰⵛⴽⴽⵓⴽ / ⴰⵣⵔⵖⵓⴼ,لدي عشب لم ينبته تراب!– الشعر.,ghar-i yalmu wr t issghmy ushal  -ashbbub / ashkkuk / azrghuf,غار-ي يالمو ور ت يسسغمي وشال  -اشببوب / اشككوك / ازرغوف,"""I have grass that no soil has sprouted! – Poetry."""
"ⵖⴰⵔ-ⵉ ⵢⴰⵎⵅⴰⵣⵏⵉ, ⵢⵉⵕⵟ ⵙⵏ ⵉⵀⴷⴷⵓⵏⵏ  -ⵍⵇⴰⵍⴱ ⵏ ⵙⵙⴽⴽⵯⴰⵔ",لدي مخزني من القوات المساعدة يرتدي برنسين!– قالب السكر.,"ghar-i yamkhazni, yiṛṭ sn ihddunn  -lqalb n sskkⵯar","غار-ي يامخازني, ييرط سن يهددونن  -لقالب ن سسككⵯار","""I have my auxiliary forces' warehouse wearing two cloaks! – The sugar loaf."""
"ⵖⴰⵔ-ⵉ ⵢⴰⵇⵟⵉⵄ ⵏ ⵢⵉⵣⵎⴰⵔⵏ ⵅ ⵟⵟⵔⴼ ⵏ ⵓⵊⴷⵉⵔ, ⵓⵔ ⴳⴳⵯⵉⴷⵏ ⴰⴷ ⵓⵟⴰⵏ  -ⵜⵉⵖⵎⴰⵙ",لدي قطيع من الخرفان بجوار الجرف لا يخافون السقوط!– الأسنان.,"ghar-i yaqṭi3 n yizmarn kh ṭṭrf n ujdir, ur ggⵯidn ad uṭan  -tighmas","غار-ي ياقطيع ن ييزمارن خ ططرف ن وجدير, ور ڭڭⵯيدن اد وطان  -تيغماس","""I have a flock of sheep by the cliff; they are not afraid of falling! – The teeth."""
"ⵖⴰⵔ-ⵉ ⵢⴷⵊ  ⵏ ⵓⵕⵃⴱⵉ ⵉⵜⵜⵛⵓⵕ ⵙ ⵍⵄⵙⴽⵕ, ⵍⵇⴱⵟⴰⵏ ⵏⵏⵙⵏ ⴷⴳ ⵡⴰⵎⵎⴰⵙ  -ⴰⵊⵏⵏⴰ ⴷ ⵢⵉⵜⵔⴰⵏ ⴷ ⵓⵢⵓⵔ",لدي ساحة مليئة بالجنود قبطانهم في الوسط!– السماء والنجوم والقمر.,"ghar-i ydj  n uṛḥbi ittshuṛ s l3skṛ, lqbṭan nnsn dg wammas  -ajnna d yitran d uyur","غار-ي يدج  ن ورحبي يتتشور س لعسكر, لقبطان ننسن دڭ وامماس  -اجننا د ييتران د ويور","""I have a field full of soldiers, their captain is in the middle! – The sky, the stars, and the moon."""
"ⵖⴰⵔ-ⵉ ⵢⴷⵊ ⵏ ⵢⵉⴼⵔⵉ, ⵉⵜⵜⵛⵓⵕ ⵙ ⵢⵉⵣⵎⴰⵔⵏ  -ⵉⵎⵉ ⴷ ⵜⵖⵎⴰⵙ",لدي كهف مليء بالخرفان!– الفم والأسنان.,"ghar-i ydj n yifri, ittshuṛ s yizmarn  -imi d tghmas","غار-ي يدج ن ييفري, يتتشور س ييزمارن  -يمي د تغماس","""I have a cave full of sheep! – The mouth and teeth."""
"ⵖⴰⵔ-ⵉ ⵢⴷⵊ ⵏ ⵢⵉⵙⵎⵖ, ⵉⴳⴳⵓⵔ ⵉⵜⴻⵜⵜ ⵣⴳ ⵓⵄⵔⵓⵔ ⵏⵏⵙ  -ⴰⵍⵖⵎ",لدي عبد يمشي ويأكل من ظهره!– الجمل.,"ghar-i ydj n yismgh, iggur itett zg u3rur nns  -alghm","غار-ي يدج ن ييسمغ, يڭڭور يت°تت زڭ وعرور ننس  -الغم","""I have a servant who walks and carries its provision on its back! – The camel."""
"ⵖⴰⵔ-ⵉ ⵢⵉⴷⵊ ⵏ ⵢⵉⵙⵎⵖ, ⵉⵜⴻⵜⵜ ⴰⴷⴰⵏ ⵏⵏⵙ, ⵉⵙⴻⵙⵙ ⵉⴷⴰⵎⵎⵏ ⵏⵏⵙ  -ⵍⵍⴰⵎⴱⴰ",لدي عبد يأكل أمعاءه ويشرب دمه!– اللمبة.,"ghar-i yidj n yismgh, itett adan nns, isess idammn nns  -llamba","غار-ي ييدج ن ييسمغ, يت°تت ادان ننس, يس°سس يداممن ننس  -للامبا","""I have a servant that eats its intestines and drinks its blood! – The lamp."""
"ⵖⴰⵔ-ⵉ ⵢⵉⵛⵜ ⵏ ⵜⵍⵖⵎⵜ, ⵖⵉⵔ ⴰⴷ ⵜⵜ ⵚⴹⴹⵄⵖ ⵜⵇⵍⵍⵄ  -ⵜⴰⵙⵉⵔⵜ",لدي ناقة عندما أزعجها تقلع!– المطحنة / الرحى.,"ghar-i yisht n tlghmt, ghir ad tt ṣḍḍ3gh tqll3  -tasirt","غار-ي ييشت ن تلغمت, غير اد تت صضضعغ تقللع  -تاسيرت","""I have a she-camel; when I annoy her, she takes off! – The millstone/grindstone."""
"ⵖⴰⵔ-ⵉ ⵢⵉⵛⵜ ⵏ ⵜⵢⴷⴷⵉⴷⵜ, ⴰⵏⵉ ⵜⵓⴼⴰ ⵜⵓⵕⵡ  -ⵜⴰⵙⴽⴽⵓⵔⵜ",لدي قربة صغيرة تنجب أينما وجدت!– الحجلة.,"ghar-i yisht n tyddidt, ani tufa tuṛw  -taskkurt","غار-ي ييشت ن تيدديدت, اني توفا تورو  -تاسككورت","""I have a small pouch that gives birth wherever it is found! – The partridge."""
"ⵖⴰⵔ-ⵉ ⵢⵉⵛⵜ ⵏ ⵜⵥⵉⵡⴰ, ⵜⵜⴻⵜⵜ ⵣⵣⴰⴳ-ⵙ ⴷⴷⵓⵏⵛⵜ ⵓⵔ ⵜⵇⵟⵟⵉ  -ⵜⵉⵙⵉⵜ",لدي طست تأكل منه الدنيا ولا ينتهي!– المرآة.,"ghar-i yisht n tẓiwa, ttett zzag-s ddunsht ur tqṭṭi  -tisit","غار-ي ييشت ن تزّيوا, تت°تت ززاڭ-س ددونشت ور تقططي  -تيسيت","""I have a basin from which the world eats, yet it never empties! – The mirror."""
"ⵖⴰⵔ-ⵉ ⵢⵄⴷⴰⵡⵏ, ⵎⴰ ⵡⵟⴰⵏ ⴷ ⵅⴰⴼ-ⵉ ⴰⴷ ⵎⵎⵜⵖ  -ⵉⵟⵍⵄⵉⵢⵏ",لدي أعداء إذا سقطوا علي سأموت!– العوارض.,"ghar-i y3dawn, ma wṭan d khaf-i ad mmtgh  -iṭl3iyn","غار-ي يعداون, ما وطان د خاف-ي اد ممتغ  -يطلعيين","""I have enemies; if they fall on me, I will die! – The beams."""
"ⵖⴰⵔ-ⵉ ⵢⵄⴷⴰⵡⵏ, ⵎⴰ ⵡⵟⴰⵏ ⴷ ⵅⴰⴼ-ⵉ ⴰⴷ ⵎⵎⵜⵖ  -ⵜⵉⴳⵉⴷⴰ",لدي أعداء إذا سقطوا علي سأموت!– السواري.,"ghar-i y3dawn, ma wṭan d khaf-i ad mmtgh  -tigida","غار-ي يعداون, ما وطان د خاف-ي اد ممتغ  -تيڭيدا",Translation Error
"ⵖⴰⵔ-ⵉ ⵄⵛⵔⵉⵏ ⵏ ⵢⵉⵖⵢⴰⵍ, ⴽⵓⵍ ⵡⵏⵏ ⵙ ⵜⴱⴰⵔⴷⴰ ⵏⵏⵙ  -ⵉⵟⵓⴹⴰⵏ ⴷ ⵜⴼⴷⵏⵉⵏ ⴷ ⵉⴱⵓⵛⵛⴰⵔ",لدي عشرون حمارا كل واحد ببردعته!– أصابع اليد وأصابع القدم والأظافر.,"ghar-i 3shrin n yighyal, kul wnn s tbarda nns  -iṭuḍan d tfdnin d ibushshar","غار-ي عشرين ن ييغيال, كول ونن س تباردا ننس  -يطوضان د تفدنين د يبوششار","""I have twenty donkeys, each with its saddle! – The fingers of the hands, the toes, and the nails."""
"ⵖⴰⵔ-ⵙ ⴰⵣⵍⵍⵉⴼ ⵓⵔ ⵖⴰⵔ-ⵙ ⴰⵍⵍⵉ, ⵖⴰⵔ-ⵙ ⴰⵙⵔⵓⴼ ⵓⵔ ⵖⴰⵔ-ⵙ ⴰⵄⴷⴷⵉⵙ -ⴰⵀⴷⴷⵓⵏ",له رأس وليس له دماغ، وله ظهر وليس له بطن!– البرنس.,"ghar-s azllif ur ghar-s alli, ghar-s asruf ur ghar-s a3ddis -ahddun","غار-س ازلليف ور غار-س اللي, غار-س اسروف ور غار-س اعدديس -اهددون","It has a head but no brain, and it has a back but no stomach! – The hanger."
"ⵖⴰⵔ-ⵙ ⵔⴱⵄⴰ ⵢⵟⴰⵕⵏ, ⵉⵜⵜⴳⴳ ⵜⵉⵛⵍⵉ ⵏ ⵢⵉⴷⵊ ⵓⵟⴰⵕ  -ⴰⵢⵕⵥⵉⵥ",لديه أربعة أرجل ويمشي مشية رجل واحدة!– الأرنب البري.,"ghar-s rb3a yṭaṛn, ittgg tishli n yidj uṭaṛ  -ayṛẓiẓ","غار-س ربعا يطارن, يتتڭڭ تيشلي ن ييدج وطار  -ايرزّيزّ",It has four legs and walks like a single man! – The hare.
ⵖⵉⵔ ⴰⴷ ⵢⴰⵕⵡ ⵜⵜⵛⵏ ⵜ ⵡⴰⵕⴰ ⵏⵏⵙ  -ⴰⵡⵍⴻⵍⵍⵉ,عندما يُنجب يأكله أبناؤه!– العنكبوت.,ghir ad yaṛw ttshn t waṛa nns  -awlelli,غير اد يارو تتشن ت وارا ننس  -اول°للي,"""When it gives birth, its offspring devour it! – The spider."""
"ⵖⵔ ⵊⴰⵊ ⴷ ⵍⵉⴷⴰⵎ, ⵖⵔ ⴱⵕⵕⴰ ⴷ ⴷⴷⵊⴷⴰⵎ  -ⴰⵀⵏⴷⵉ",داخلها دهن وخارجها جذام!– التين الشوكي.,"ghr jaj d lidam, ghr bṛṛa d ddjdam  -ahndi","غر جاج د ليدام, غر بررا د ددجدام  -اهندي","""Inside it is pulp, and outside it is thorns! – The prickly pear."""
"ⵀⴰ ⵜ, ⵀⴰ ⵜ, ⵓⵔ ⵜ ⵏⵉⵏⵏⵢ  -ⴰⵟⵓ",ها هو، ها هو ولم نره!– الريح.,"ha t, ha t, ur t ninny  -aṭu","ها ت, ها ت, ور ت نينني  -اطو","Here it is, here it is, yet we do not see it! – The wind."
"ⵀⴰⵢ ⵀⴰⵢ, ⵜⵓⴷⵔ ⴷ ⵉ ⵢⵉⵍⴼⴰⵏ  -ⵜⵉⵛⵛⵉⵏ","""هاي هاي"" تمطر بالخنازير!– القمل.","hay hay, tudr d i yilfan  -tishshin","هاي هاي, تودر د ي ييلفان  -تيششين","""Hey hey"" it's raining pigs! – The lice."
"ⵃⵏⵏⵟⵏ ⴰⵏⵖ ⴱⵏⵏⵟⵏ ⴰⵏⵖ, ⵎⵉⵍⵍⵉ ⴷ ⵉⵄⴷⴰⵡⵏ ⵏⵖⵏ ⴰⵏⵖ  -ⵍⵃⵢⵓⵟ",طوقونا ولفونا، لو كانوا أعداء لقتلونا!– الجدران.,"ḥnnṭn angh bnnṭn angh, milli d i3dawn nghn angh  -lḥyuṭ","حننطن انغ بننطن انغ, ميللي د يعداون نغن انغ  -لحيوط",Translation Error
"ⵃⵜⵉⵜⵜⵉ ⴱⵜⵉⵜⵜⵉ, ⵜⵙⵙⵟⴼⴰⵕ ⴰⴷⴰⵏ ⵣⴷⴼⴼⵔ-ⵙ  -ⵜⵉⵙⵙⵢⵏⵛⵜ / ⵜⴰⵅⵉⵢⵢⴰⵟⵜ",حتيتي بتيتي (شيء صغير) تُتبع الأمعاء وراءها!– الإبرة.,"ḥtitti btitti, tssṭfaṛ adan zdffr-s  -tissynsht / takhiyyaṭt","حتيتتي بتيتتي, تسسطفار ادان زدففر-س  -تيسسينشت / تاخييياطت","""My little one, my tiny one (something small) is followed by the thread behind it! – The needle."""
"ⵃⵜⵉⵜⵜⵉ  ⴱⵜⵉⵜⵜⵉ, ⵜⵓⵕⵡ ⴰⵣⴷⵓⵣ  -ⴰⵍⴼⵜⵉ",حتيتي بتيتي (شيء صغير) أثمرت مدقا!– اللفت.,"ḥtitti  btitti, tuṛw azduz  -alfti","حتيتتي  بتيتتي, تورو ازدوز  -الفتي","""My tiny little plant (a small thing) has produced a big root! – The turnip."""
"ⵉⴷⵊⴰ ⵎⴰⵔ, ⵜⵉⵥⵉⵍⵍⴰ ⵙⴰⵔ  -ⵉⵖⵉⴷ",ترك اللحية ولا يصلي!– الجدي.,"idja mar, tiẓilla sar  -ighid","يدجا مار, تيزّيللا سار  -يغيد","""He grew a beard but does not pray! – Seriously."""
ⵉⴷⵊ ⵉⵜⵜⴰⵣⵣⵍ ⵅ ⵅⵎⵙⴰ  -ⵉⵏⵉⵔⵣ ⴷ ⵉⵟⵓⴹⴰⵏ,واحد يجري على خمسة!– العقب والأصابع.,idj ittazzl kh khmsa  -inirz d iṭuḍan,يدج يتتاززل خ خمسا  -ينيرز د يطوضان,"""One runs on five! – The heel and the toes."""
"ⵉⴷⵊ ⵉⵜⵜⴽⴽⵔ ⵉⵜⵜⵓⵟⴰ ⴰⵍ ⵉⴱⴷⴷ, ⵉⵜⵜⴽⴽⵔ ⵉⵜⵜⵓⵟⴰ ⴰⵍ ⵉⵎⵎⵜ  -ⴱⵏⴰⴷⵎ",ينهض ويسقط حتى يقف، ينهض ويسقط حتى يموت!– الإنسان.,"idj ittkkr ittuṭa al ibdd, ittkkr ittuṭa al immt  -bnadm","يدج يتتككر يتتوطا ال يبدد, يتتككر يتتوطا ال يممت  -بنادم","He rises and falls until he stands, he rises and falls until he dies! – The human being."
"ⵉⴷⵊ ⵉⵜⵜⵛⴰⵜ ⵍⴱⴰⵕⵓⴷ, ⵉⴷⵊ ⵉⵜⵜⴳⴳ ⵜⵉⵎⵙⵙⵉ, ⵏⵔⴳⴳⵯⵍ ⵣⵣⴰⴳ-ⵙⵏ ⵓⵔ ⵜⵏ ⵏⵉⵏⵏⵢ  -ⴰⴷⵊⴰⵊⵏ ⴷ ⵡⴰⵙⵙⴰⵎⵏ",واحد يطلق البارود والآخر يشعل النار نهرب منهما ولم نراهما!– الرعد والبرق.,"idj ittshat lbaṛud, idj ittgg timssi, nrggⵯl zzag-sn ur tn ninny  -adjajn d wassamn","يدج يتتشات لبارود, يدج يتتڭڭ تيمسسي, نرڭڭⵯل ززاڭ-سن ور تن نينني  -ادجاجن د واسسامن","""One fires the gunpowder, and the other ignites the fire; we flee from them, yet we do not see them! – Thunder and lightning."""
ⵉⴷⵊ ⵏ ⵓⵊⵔⵜⵉⵍ ⵍⴱⴷⴰ ⴷⴳ ⵡⴰⵎⴰⵏ ⵓⵔ ⵉⵜⵜⵓⴼ  -ⵉⵍⵙ,حصيرة دائما في الماء لكنها لا تغرق!– اللسان.,idj n ujrtil lbda dg waman ur ittuf  -ils,يدج ن وجرتيل لبدا دڭ وامان ور يتتوف  -يلس,"""A mat is always in water but does not sink! – The tongue."""
"ⵉⴷⵊ ⵏ ⵓⵟⵍⵄⵉ, ⴽⵙⵙⵉⵏ ⵜ ⵙⵏ ⵏ ⵢⵉⵔⴳⴰⵣⵏ  -ⴳⵉⵔⵔⵓ ⴷ ⵙⵏ ⵉⵟⵓⴹⴰⵏ",عارضة يحملها رجلان!– السيجارة والأصبعين.,"idj n uṭl3i, kssin t sn n yirgazn  -girru d sn iṭuḍan","يدج ن وطلعي, كسسين ت سن ن ييرڭازن  -ڭيررو د سن يطوضان",A platform carried by two men! – The cigarette and the two fingers.
ⵉⴷⵊ ⵏ ⵓⵔⴳⴰⵣ ⵉⴽⴽⴰⵍ ⵉⴱⴷⴷ ⵅ ⵢⵉⴷⵊ  ⵓⵟⴰⵕ  -ⵜⴰⵡⵡⵓⵔⵜ,رجل يمضي يومه واقفا على رجل واحدة!– الباب.,idj n urgaz ikkal ibdd kh yidj  uṭaṛ  -tawwurt,يدج ن ورڭاز يككال يبدد خ ييدج  وطار  -تاووورت,A man spends his day standing on one leg! – The door.
ⵉⴼⵔⵉ ⵣⵏⵏⴳ-ⵙ ⵢⵉⴼⵔⴰⵏ ⵣⵏⵏⴳ-ⴰⵙⵏ ⵜⵉⵣⴳⵉ  -ⵉⵎⵉ ⴷ ⵢⵉⵏⵣⵔ ⴷ ⵜⵉⵟⵟⴰⵡ ⴷ ⵓⵛⴽⴽⵓⴽ,كهف فوقه كهوف وفوقهم غابة!– الفم والأنف والعينان والشعر.,ifri znng-s yifran znng-asn tizgi  -imi d yinzr d tiṭṭaw d ushkkuk,يفري زننڭ-س ييفران زننڭ-اسن تيزڭي  -يمي د يينزر د تيططاو د وشككوك,"A cave above it are caves, and above them is a forest! – The mouth, the nose, the eyes, and the hair."
"ⵉⴳⴳⵓⵔ ⴱⵍⴰ ⵢⵟⴰⵕⵏ, ⵉⵏⵇⵇ ⴱⵍⴰ ⵢⴼⴰⵙⵙⵏ  -ⴰⵍⴼⵙⴰ",يمشي بلا أرجل ويقتل بلا أيد!– الأفعوان.,"iggur bla yṭaṛn, inqq bla yfassn  -alfsa","يڭڭور بلا يطارن, ينقق بلا يفاسسن  -الفسا",Translation Error
ⵉⴳⴳⵓⵔ ⵓⵔ ⵜ ⵏⵜⵟⵟⴼ  -ⴷⴷⵅⵅⴰⵏ,يتمشى ولا نمسكه!– الدخان.,iggur ur t ntṭṭf  -ddkhkhan,يڭڭور ور ت نتططف  -ددخخان,"""He drifts, and we can't catch him! – The smoke."""
"ⵉⴳⵄⵄⴷ ⴰⴷ ⵉⵡⴷⴷⵏ, ⵉⵙⵙⵎⵓⵏⵙⵓ ⵎⵉⴷⴷⵏ  -ⵢⴰⵥⵉⵟ",صعد كي يؤذن فعشى الناس!– الديك.,"ig33d ad iwddn, issmunsu middn  -yaẓiṭ","يڭععد اد يوددن, يسسمونسو ميددن  -يازّيط","He climbed to call the prayer, but he confused the people! – The rooster."
"ⵉⵖⵎⵢ ⵉⵇⵇⵓⵔ, ⵉⵜⵜⵡⴰⵎⵊⵔ ⵉⵇⵇⵓⵔ, ⵉⵜⵜⵡⴰⵥⵟ ⵉⵇⵇⵓⵔ  -ⵜⴰⴹⵓⴼⵜ",نبت يابسا وحُصد يابسا ونُسج يابسا!– الصوف.,"ighmy iqqur, ittwamjr iqqur, ittwaẓṭ iqqur  -taḍuft","يغمي يققور, يتتوامجر يققور, يتتوازّط يققور  -تاضوفت","""A dry plant was grown, harvested dry, and woven dry! – Wool."""
ⵉⵖⵔⴰ ⵜⵃⵕⴰⵢⵎⵉⵛⵜ ⴷⵉ ⵜⵄⴷⴷⵉⵙⵜ ⵏ ⵢⵎⵎⴰ-ⵙ  -ⵓⵛⵛⵏ,درس الخداع في بطن أمه!– الذئب.,ighra tḥṛaymisht di t3ddist n ymma-s  -ushshn,يغرا تحرايميشت دي تعدديست ن يمما-س  -وششن,"""Deception was learned in its mother's womb! – The wolf."""
"ⵉⵃⵏⵓⵏⵏⵟ ⵉⴱⵏⵓⵏⵏⵟ, ⵉⵕⴰⵃ ⵖⵔ ⵛⵛⵖⵍ ⵏⵏⵙ  -ⵉⵏⵙⵉ",التف وانتفخ وذهب إلى عمله!– القنفذ.,"iḥnunnṭ ibnunnṭ, iṛaḥ ghr shshghl nns  -insi","يحنوننط يبنوننط, يراح غر ششغل ننس  -ينسي","""He curled up, puffed himself up, and went to his work! – The hedgehog."""
"ⵉⵃⵡⵡⵟ, ⵓⵔ ⵉⵥⵥⵓ  -ⵙⵙⵇⴼ",حوط (أدار عليه التراب) ولم يغرس!– السقف التقليدي.,"iḥwwṭ, ur iẓẓu  -ssqf","يحووط, ور يزّزّو  -سسقف","""Surrounded (covered with soil) but not planted! – The traditional roof."""
"ⵉⵊⵔ ⵏⵏⵖ ⵉⵜⵜⵙⵙⵡⴰ ⵜ ⵓⵊⵏⵏⴰ, ⵖⴰⵔ-ⵙ ⵉⴱⵓⴷⴰ ⵖⵔ ⵡⴰⴷⴷⴰ  -ⵙⵙⵇⴼ",حقلنا تسقيه السماء ولديه حدود في الأسفل!– السقف.,"ijr nngh ittsswa t ujnna, ghar-s ibuda ghr wadda  -ssqf","يجر ننغ يتتسسوا ت وجننا, غار-س يبودا غر واددا  -سسقف","""Our field is watered by the sky and has boundaries below! – The ceiling."""
"ⵉⴽⵙⵙⵉ ⵢⵉⵇⵏⵟⴰⵕⵏ, ⵓⵔ ⵉⴽⵙⵙⵉ ⵢⴰⵎⵙⵎⵉⵔ  -ⵍⴱⵃⵕ",يحمل القناطير ولا يحمل مسمارا!– البحر.,"ikssi yiqnṭaṛn, ur ikssi yamsmir  -lbḥṛ","يكسسي ييقنطارن, ور يكسسي يامسمير  -لبحر",It carries massive loads but cannot carry a nail! – The sea.
"ⵉⵍⵍⴰ ⵢⴷⵊ  ⵜⵜⴳⵡⵡⴰⴷⵏ ⵜ ⵙⵏⴰⵜ, ⵙⵏⴰⵜ ⵜⵜⴰⵡⵢⵏ ⴰⵙ ⴷ ⵍⵅⴱⴰⵕ  -ⴱⵏⴰⴷⵎ, ⵜⵉⵟⵟⴰⵡ, ⵜⵎⵊⵊⵉⵏ",يقوده اثنان وآخران يأتيان له بالأخبار!– الإنسان وعيناه وأذناه.,"illa ydj  ttgwwadn t snat, snat ttawyn as d lkhbaṛ  -bnadm, tiṭṭaw, tmjjin","يللا يدج  تتڭووادن ت سنات, سنات تتاوين اس د لخبار  -بنادم, تيططاو, تمججين","He is led by two, and two others bring him news! – The human, his eyes, and his ears."
ⵉⵍⵓⵍ ⴷ ⵖⴰⵔ-ⵙ ⵜⴰⴳⵍⵣⵉⵎⵜ  -ⴼⵓⵍⵍⵓⵙ,ولد بفأس صغير!– الكتكوت.,ilul d ghar-s taglzimt  -fullus,يلول د غار-س تاڭلزيمت  -فوللوس,"""Born with a small axe! – The chick."""
"ⵉⵎⵎⵓⵜ ⵓⵍⵖⵎ ⴷⴳ ⵓⴷⵔⴰⵔ, ⵉⵡⵡⵟ ⴰⵏⵖ ⴷ ⵛⵛⵓⵎ ⵏⵏⵙ  -ⴰⴷⴼⵍ",مات الجمل في الجبل ووصل إلينا نسيمه!– الثلج.,"immut ulghm dg udrar, iwwṭ angh d shshum nns  -adfl","يمموت ولغم دڭ ودرار, يووط انغ د ششوم ننس  -ادفل","""The camel died on the mountain, and its breeze reached us! – The snow."""
"ⵉⵎⵛ ⵉⵕⴰⵃ ⴰⴷ ⵉⵎⵊⵔ, ⵉⵕⵡⵡⵃ ⴷ ⵢⵉⵎⵉ ⵏⵏⵙ ⴷ ⴰⵣⵉⵣⴰ  -ⴰⵎⵊⵔ",كلما ذهب للحصاد يمسي بفم أخضر!– المنجل.,"imsh iṛaḥ ad imjr, iṛwwḥ d yimi nns d aziza  -amjr","يمش يراح اد يمجر, يرووح د ييمي ننس د ازيزا  -امجر","""Every time it goes to harvest, it ends up with a green mouth! – The sickle."""
ⵉⵎⵛ ⵉⵕⵥⵎ ⵉⵎⵉ ⵏⵏⵙ ⵉⵜⵜⴰⵊⵔ ⵜⵉⵔⵡⵜ ⵏ ⵔⵔⵉⵎⵜ ⵏⵏⵙ  -ⵃⵉⵡⵛ,عندما يفتح فمه يصبح أوسع من جسده!– الأفعوان.,imsh iṛẓm imi nns ittajr tirwt n rrimt nns  -ḥiwsh,يمش يرزّم يمي ننس يتتاجر تيروت ن رريمت ننس  -حيوش,"When it opens its mouth, it becomes wider than its body! – The snake."
ⵉⵎⵛ ⵜⵜⵇⵇⵙ ⵜⵜⵎⵜⵜⴰ  -ⵜⵣⵉⵣⵡⵉ,عندما تلسع تموت!– النحلة.,imsh ttqqs ttmtta  -tzizwi,يمش تتققس تتمتتا  -تزيزوي,"""When it stings, it dies! – The bee."""
"ⵉⵎⵛ ⵜⵙⵔⵃ ⵜⵔⵔⴰⵏ ⵙ ⵡⵓⴷⵎ ⵖⵔ ⵍⵄⵎⴰⵕⵜ, ⵉⵎⵛ ⵜⵕⵡⵡⵃ ⵜⵔⵔⴰⵏ ⵙ ⵡⵓⴷⵎ ⵖⵔ ⵍⵅⵍⴰ  -ⴰⵛⵛⴰⵡⵏ ⵏ ⵜⵖⵟ",عندما ترعى يولون وجههم نحو المكان الآهل بالسكان، وعندما تمسي يولون وجههم نحو الخلاء! – قرنا الماعز.,"imsh tsrḥ trran s wudm ghr l3maṛt, imsh tṛwwḥ trran s wudm ghr lkhla  -ashshawn n tghṭ","يمش تسرح ترران س وودم غر لعمارت, يمش ترووح ترران س وودم غر لخلا  -اششاون ن تغط","""When they graze, they turn their faces toward the populated place, and when evening comes, they turn their faces toward the wilderness!"" – The horns of the goat."
"ⵉⵏⵏ ⵉⴷⴷⵔⵏ ⵥⵥⵓⵖⵖⵓⵕⵏ ⵉⵏⵏ ⵉⵎⵎⵓⵜⵏ, ⵉⵏⵏ ⵉⵎⵎⵓⵜⵏ ⵥⵥⵓⵖⵖⵓⵕⵏ ⵉⵏⵏ ⵉⴷⴷⵔⵏ  -ⵜⵢⵓⵢⴰ ⴷ ⵜⵙⵉⵍⵉ ⴷ ⴱⵏⴰⴷⵎ",الأحياء يجرون الأموات، والأموات يجرون الأحياء!– دابتا الحرث والمحراث الخشبي والإنسان.,"inn iddrn ẓẓughghuṛn inn immutn, inn immutn ẓẓughghuṛn inn iddrn  -tyuya d tsili d bnadm","ينن يددرن زّزّوغغورن ينن يمموتن, ينن يمموتن زّزّوغغورن ينن يددرن  -تيويا د تسيلي د بنادم","The living drag the dead, and the dead drag the living! – The plowing oxen, the wooden plow, and humanity."
ⵉⵏⵄⵄⵜ ⵍⵡⵇⴰⵜ ⵎⴰⵛⴰ ⵓⵔ ⵉⵜⵜⵥⵉⵍⵍⵉ  -ⵢⴰⵥⵉⵟ,يبين الأوقات لكن لا يصلي!– الديك.,in33t lwqat masha ur ittẓilli  -yaẓiṭ,ينععت لوقات ماشا ور يتتزّيللي  -يازّيط,"""He shows the times but does not pray! – The rooster."""
ⵉⵔⴳⴱ ⴷ ⵓⵔ ⴷ ⵢⵓⵜⵉⴼ  -ⴰⵎⵏⴰⵕ,أطلّت ولم تدخل!– عتبة المنزل.,irgb d ur d yutif  -amnaṛ,يرڭب د ور د يوتيف  -امنار,She appeared but did not enter! – The doorstep of the house.
ⵉⵕⴰⵃ ⵓⵔ ⴷ ⵉⴷⵡⵉⵍ  -ⴷⴷⵅⵅⴰⵏ,ذهب ولم يعد!– الدخان.,iṛaḥ ur d idwil  -ddkhkhan,يراح ور د يدويل  -ددخخان,"""He left and did not return! – The smoke."""
"ⵉⵙⵙⵖⵓⵢⵢ, ⵉⵛⵔⵔⴳ ⴰⵊⵏⵏⴰ  -ⴰⴷⵊⴰⵊⵏ",صرخ وشق السماء!– الرعد.,"issghuyy, ishrrg ajnna  -adjajn","يسسغويي, يشررڭ اجننا  -ادجاجن",He screamed and tore the sky! – The thunder.
"ⵉⵙⵙⵜⵜⵛⴰ ⵢⴰⵕⴰ ⵏⵏⵙ, ⵉⵜⵜⵖⵉⵎⴰ ⴱⵍⴰⵛ  -ⴰⴱⵔⵔⴰⴷ",يطعم أولاده ويبقى بدون (طعام)!– إبريق الشاي.,"issttsha yaṛa nns, ittghima blash  -abrrad","يسستتشا يارا ننس, يتتغيما بلاش  -ابرراد",He feeds his children and stays without (food)! – The teapot.
"ⵉⵜⴻⵜⵜ ⵓⵔ ⵉⵛⴳⴳⵯⵉ, ⵉⴷⵊⴰⵏ ⵓⵔ ⵉⵜⵜⴽⴽⵔ, ⵉⵙⵔⵔⵃ ⵓⵔ ⵉⵜⵜⵕⵡⵡⵉⵃ  -ⵜⵉⵎⵙⵙⵉ ⴷ ⵢⵉⵖⴷ ⴷ ⴷⴷⵅⵅⴰⵏ",تأكل ولا تشبع، ينام ولا ينهض، يرعى ولا يمسي!– النار والرماد والدخان.,"itett ur ishggⵯi, idjan ur ittkkr, isrrḥ ur ittṛwwiḥ  -timssi d yighd d ddkhkhan","يت°تت ور يشڭڭⵯي, يدجان ور يتتككر, يسررح ور يتتروويح  -تيمسسي د ييغد د ددخخان","""It eats but never gets full, sleeps but never rises, grazes but never rests! – Fire, ash, and smoke."""
"ⵉⵜⵜⴰⴼⴳ ⴷⵖⵢⴰ, ⵎⴰ ⵢⵅⵚⵚ ⵡⴰⵍⵓ ⴰⵢⵏⵏ ⵙ ⵜ ⵖⴰ ⵏⴱⴷⴷⵍ  -ⴰⵎⴰⵏ",يجري بسرعة، إذا قلّ لا يوجد ما نستبدله به!– الماء.,"ittafg dghya, ma ykhṣṣ walu aynn s t gha nbddl  -aman","يتتافڭ دغيا, ما يخصص والو اينن س ت غا نبددل  -امان","It runs quickly; if it decreases, there is nothing to replace it with! – Water."
"ⵉⵜⵜⴰⵜⴼ ⴷ ⴰⵎⵍⵍⴰⵍ, ⵉⵜⵜⴼⴼⵖ ⴷ ⴰⵣⴳⴳⵯⴰⵖ  -ⴰⵖⵕⵓⵎ",يدخل أبيضا ويخرج أحمرا!– الخبز.,"ittatf d amllal, ittffgh d azggⵯagh  -aghṛum","يتتاتف د امللال, يتتففغ د ازڭڭⵯاغ  -اغروم",It enters white and comes out red! – Bread.
"ⵉⵜⵜⴳⴳ ⵢⵉⵎⴰⵏ ⵏⵏⵙ ⴷ ⵍⵎⵙⴽⵉⵏ, ⵎⴰ ⵜⵢⵉⵜ ⴷⴰⴳ-ⵙ ⵟⴰⵕ ⵏⵏⵛ ⵉⵙⵔⵟ ⵉⵛ  -ⴰⵊⵔⵊⵓⴱ ⵏ ⵜⵎⴷⴰ",يتظاهر بأنه مسكين، ما أن تطأه رجلك يبتلعك!– تيار البركة.,"ittgg yiman nns d lmskin, ma tyit dag-s ṭaṛ nnsh isrṭ ish  -ajrjub n tmda","يتتڭڭ ييمان ننس د لمسكين, ما تييت داڭ-س طار ننش يسرط يش  -اجرجوب ن تمدا","He pretends to be meek, but the moment you step on him, he swallows you! – The current of blessings."
ⵉⵜⵜⵃⵜⵜⴰ ⵜⴰⴷⴷⴰⵔⵜ ⵏⵏⵖ ⵢⵉⴼ  ⵣⴳ ⵡⴰⴷⵊⴰⵕ ⵏⵏⵖ  -ⵜⵏⴰⵙⵜ,يحمل منزلنا على ظهره أفضل من جارنا!– المفتاح.,ittḥtta taddart nngh yif  zg wadjaṛ nngh  -tnast,يتتحتتا تاددارت ننغ ييف  زڭ وادجار ننغ  -تناست,"""Our house carries on its back better than our neighbor! – The key."""
"ⵉⵜⵜⵏⵏⵟ ⵉ ⵜⵡⵔⵉⵔⵜ, ⵉⴳⴳⴰⵔ ⵍⵖⴱⴰⵕ  -ⵜⵉⵎⵛⵕⴰⵟ",يدور حول التل ويرمي الروث!– المقص.,"ittnnṭ i twrirt, iggar lghbaṛ  -timshṛaṭ","يتتننط ي توريرت, يڭڭار لغبار  -تيمشراط",He goes around the hill and throws manure! – The scissors.
"ⵉⵜⵜⵏⵅⵜⵓⵜⵓⵍ, ⵉⴽⵙⵙⵉ ⵍⵄⵍⴰⵎ ⴷⴼⴼⵔ-ⵙ  -ⴰⴽⵄⴱ",يتربص ويحمل الراية وراءه!– الثعلب.,"ittnkhtutul, ikssi l3lam dffr-s  -ak3b","يتتنختوتول, يكسسي لعلام دففر-س  -اكعب",He lies in wait and carries the banner behind him! – The fox.
"ⵉⵜⵜⵔⵔⴰ ⵢⴰⵡⴰⵍ, ⴰⵙⵉⵡⵍ ⵓⵔ ⵉⵙⵙⵉⵡⵉⵍ  -ⴰⵊⴷⵉⵔ",يرد الكلام لكنه لا يتكلم!– الجرف.,"ittrra yawal, asiwl ur issiwil  -ajdir","يتتررا ياوال, اسيول ور يسسيويل  -اجدير",He echoes speech but does not speak! – The cliff.
"ⵉⵜⵜⵔⵓ ⴱⵍⴰ ⵜⵉⵟⵟⴰⵡⵉⵏ, ⵉⴳⴳⵓⵔ ⴱⵍⴰ ⵢⵟⴰⵕⵏ  -ⴰⵙⵉⵏⵓ",يبكي بلا أعين ويتمشى بلا أرجل!– الغيم.,"ittru bla tiṭṭawin, iggur bla yṭaṛn  -asinu","يتترو بلا تيططاوين, يڭڭور بلا يطارن  -اسينو",It cries without eyes and walks without legs! – The cloud.
ⵉⵜⵜⵙⴰⵔⴰ ⵊⴰⵔ ⵉⵄⴷⴰⵡⵏ ⵓⵔ ⵉⵜⵜⴳⴳⵯⴷ  -ⵉⵍⵙ,يتجول بين الأعداء ولا يخاف!– اللسان.,ittsara jar i3dawn ur ittggⵯd  -ils,يتتسارا جار يعداون ور يتتڭڭⵯد  -يلس,He roams among enemies and fears not! – The tongue.
"ⵉⵜⵜⵛⴰ  ⵢⵛⵡⴰ, ⵉⵏⵟⵡ ⵅ ⵍⴰⵍⵍ ⵏⵏⵙ  -ⴰⵇⴷⴷⵓⵃ",أكل وشبع وطار على صاحبته!– القدر المفحم.,"ittsha  yshwa, inṭw kh lall nns  -aqdduḥ","يتتشا  يشوا, ينطو خ لالل ننس  -اقددوح","""He ate, was satisfied, and flew to his beloved! – The compelling fate."""
"ⵉⵜⵜⵛⴰ ⵢⴷⵊⵉⵡⵏ, ⵢⵓⵎⵙ ⵍⵃⵏⵏⵉ ⵢ ⵓⵇⵎⵎⵓⵎ ⵏⵏⵙ  -ⴼⵓⵕⵏ",أكل وشبع ودهن الحناء لشفته!– الفرن التقليدي المصنوع من الطين.,"ittsha ydjiwn, yums lḥnni y uqmmum nns  -fuṛn","يتتشا يدجيون, يومس لحنني ي وقمموم ننس  -فورن","""He ate, was satisfied, and applied henna to his lip! – The traditional clay oven."""
"ⵉⵜⵜⵛⴰ ⵢⵙⵡⴰ, ⵉⵔⵔⴰ ⵢⴰⵊⵍⵎⵓⵙ  -ⴰⴱⵔⵔⴰⴷ",أكل وشرب ورد القلنسوة!– إبريق الشاي.,"ittsha yswa, irra yajlmus  -abrrad","يتتشا يسوا, يررا ياجلموس  -ابرراد","""Eat, drink, and return the cap! – The teapot."""
"ⵉⵜⵜⵛⴰ ⵢⵛⵡⴰ, ⵉⵡⵛⴰ ⵔⵔⴽⵓⵍ ⵉ ⵡⵄⴷⴷⵉⵙ ⵏⵏⵙ  -ⴰⴷⴳⴳⴰⴳ ⴷ ⵢⵉⴷⵉⴷⵢ",أكل وشبع وأعطى ركلات لبطنه!– يد المهراس والهاون.,"ittsha yshwa, iwsha rrkul i w3ddis nns  -adggag d yididy","يتتشا يشوا, يوشا رركول ي وعدديس ننس  -ادڭڭاڭ د ييديدي","He ate, was full, and kicked his own stomach! – The hand of the mortar and pestle."
"ⵉⵜⵜⵡⴷⴷⴰⵏ, ⵓⵔ ⵉⵜⵜⵥⵉⵍⵍⵉ  -ⵢⴰⵥⵉⵟ",يؤذن ولا يصلي!– الديك.,"ittwddan, ur ittẓilli  -yaẓiṭ","يتتوددان, ور يتتزّيللي  -يازّيط",He calls to prayer but does not pray! – The rooster.
"ⵉⵜⵜⵡⵟⵟⴰ, ⵉⵜⵜⵓ ⵜⵉⵥⵉⵍⵍⴰ  -ⵎⵓⵛⵛ",توضأ ونسي الصلاة!– القط.,"ittwṭṭa, ittu tiẓilla  -mushsh","يتتوططا, يتتو تيزّيللا  -موشش",He performed ablution and forgot the prayer! – The cat.
"ⵉⵜⵜⵡⵟⵟⴰ, ⵓⵔ ⵉⵥⵥⵓⵍ  -ⴰⵎⵜⵜⵉⵏ",توضأ ولم يصلي!– الميت.,"ittwṭṭa, ur iẓẓul  -amttin","يتتوططا, ور يزّزّول  -امتتين",He performed ablution but did not pray! – The deceased.
"ⵉⵟⵃⴽ ⴷⴳ ⵓⴷⵔⴰⵔ, ⵙⵍⵍⵏ ⴰⵙ ⵣⴳ ⵓⵙⵓⴼ  -ⴰⵙⵀⵓⵕⵕⵟ ⵏ ⵓⵖⵢⵓⵍ",ضحك في الجبل وسمعوه من الوادي!– نهيق الحمار.,"iṭḥk dg udrar, slln as zg usuf  -ashuṛṛṭ n ughyul","يطحك دڭ ودرار, سللن اس زڭ وسوف  -اسهوررط ن وغيول",He laughed on the mountain and they heard him from the valley! – The braying of the donkey.
"ⵉⵅⵔⴼⵉⵢⵏ ⵜⵜⵎⵏⵖⴰⵏ, ⵜⵏⵟⵟⵡ ⴰⵙⵏ ⵜⵉⵎⵙⵙⵉ ⵣⴳ ⵡⴰⵛⵛⴰⵡⵏ  -ⴰⴷⵊⴰⵊⵏ ⴷ ⵡⴰⵙⵙⴰⵎⵏ",تتصارع الأكباش وتطلق النار من قرونها!– الرعود والبروق.,"ikhrfiyn ttmnghan, tnṭṭw asn timssi zg washshawn  -adjajn d wassamn","يخرفيين تتمنغان, تنططو اسن تيمسسي زڭ واششاون  -ادجاجن د واسسامن","""The rams clash and fire from their horns! – Thunder and lightning."""
"ⵉⵣⴰⵢⴷ ⴷ ⴰⵡⵜⵎ, ⵉⴷⵡⵍ ⴷ ⵜⴰⵡⵜⵎⵜ  -ⴰⵣⵛⵜⵓⵏ",وُلد ذكرا وأصبح أنثى!– الزيتون.,"izayd d awtm, idwl d tawtmt  -azshtun","يزايد د اوتم, يدول د تاوتمت  -ازشتون","""Born male and became female! – The olive."""
"ⵉⵣⴰⵢⴷ ⴷ ⵢⵎⵎⵓⵜ, ⵉⴼⴼⵖ ⴷ ⵣⵣⴰⴳ-ⵙ ⵉⴷⴷⵔ  -ⴼⵓⵍⵍⵓⵙ",وُلد ميتا وخرج منها حيا!– الكتكوت.,"izayd d ymmut, iffgh d zzag-s iddr  -fullus","يزايد د يمموت, يففغ د ززاڭ-س يددر  -فوللوس",Born dead and emerged alive! – The chick.
ⵉⵣⵎ ⴰⵣⵉⵣⴰ ⵢⴰⵏⵉⵙ ⵎⵎⴰ ⵢⴽⴽⴰ  ⵢⴷⴳⴳⵯⵍ ⴷ ⴰⵣⴳⴳⵯⴰⵖ  -ⵍⵃⵏⵏⵉ,أسد أخضر أينما مر يصبح أحمر!– الحناء.,izm aziza yanis mma ykka  ydggⵯl d azggⵯagh  -lḥnni,يزم ازيزا يانيس مما يككا  يدڭڭⵯل د ازڭڭⵯاغ  -لحنني,A green lion that turns red wherever it passes! – Henna.
"ⵉⵣⵎ ⵉⵣⵀⵀⵔ, ⵓⵍⵍⵉ ⵜⵜⴰⵜⴼⵏⵜ  -ⵜⴰⵙⵉⵔⵜ",الأسد يزأر والنعاج تدخل!– المطحنة / الرحى.,"izm izhhr, ulli ttatfnt  -tasirt","يزم يزههر, وللي تتاتفنت  -تاسيرت","The lion roars, and the sheep enter! – The mill / the grindstone."
"ⵉⵣⵎ ⵉⵣⵀⵀⵔ, ⵓⵍⵍⵉ ⵜⵜⴰⵜⴼⵏⵜ  -ⴰⵖⵕⴰⵙ ⴷ ⵜⵣⵉⵣⵡⴰ",الأسد يزأر والنعاج تدخل!– القفير والنحل.,"izm izhhr, ulli ttatfnt  -aghṛas d tzizwa","يزم يزههر, وللي تتاتفنت  -اغراس د تزيزوا","""The lion roars, and the sheep enter! – The hive and the bees."""
"ⵉⵥⵉⴹ ⴰⵎ ⵙⵙⴽⴽⵯⴰⵕ, ⵉⵜⵇⵍ ⴰⵎ ⵓⵇⵏⵟⴰⵕ  -ⵉⵟⵚ",حلو كالسكر وثقيل كالقنطار!– النوم.,"iẓiḍ am sskkⵯaṛ, itql am uqnṭaṛ  -iṭṣ","يزّيض ام سسككⵯار, يتقل ام وقنطار  -يطص",Sweet as sugar and heavy as a quintal! – Sleep.
ⵉⵥⵡⴰ ⵙⵓⴼ ⵓⵔ ⵉⴱⵣⵉⴳ  -ⴰⵃⵟⵉⵟ,عبر الوادي ولم يتبلل!– الجنين.,iẓwa suf ur ibzig  -aḥṭiṭ,يزّوا سوف ور يبزيڭ  -احطيط,"""Crossed the valley without getting wet! – The embryo."""
"ⵉⵄⵟⵚ ⵓⵇⵜⵔⵉⴱ, ⵉⵙⵙⵎⵓⵏⵙⵓ ⵇⴰⵄ ⵎⵉⴷⴷⵏ  -ⵍⵓⵇⵉⴷ",عطس التيس وعشى كل الناس!– عود الثقاب.,"i3ṭṣ uqtrib, issmunsu qa3 middn  -luqid","يعطص وقتريب, يسسمونسو قاع ميددن  -لوقيد","""The goat sneezed and fed all the people! – The matchstick."""
"ⵊⵏⵉⵏ ⵢⵉⵍⵖⵎⴰⵏ ⴷ ⵜⵍⵖⵎⵉⵏ, ⵓⵔ ⵏⵙⵙⵉⵏ ⴰⵡⵜⵎ ⵣⵣⵉ ⵜⴰⵡⵜⵎⵜ  -ⵜⵉⵎⵟⵍⵉⵏ",نامت الجمال والنوق ولا نعرف الذكر من الأنثى!– القبور.,"jnin yilghman d tlghmin, ur nssin awtm zzi tawtmt  -timṭlin","جنين ييلغمان د تلغمين, ور نسسين اوتم ززي تاوتمت  -تيمطلين","""The camels and dromedaries slept, and we cannot distinguish the male from the female! – The graves."""
"ⵍⴰⵍⵍⴰ ⵢⵍⵍⵉⵙ ⵏ ⵍⴰⵍⵍⴰ, ⵜⵉⴼ ⴰⵖⵕⵓⵎ ⵉ ⵢⵎⵎⴰ-ⵙ  -ⵜⵣⵉⵣⵡⵉ",سيدتي بنت سيدتي خبزها أفضل من أمها!– النحلة.,"lalla yllis n lalla, tif aghṛum i ymma-s  -tzizwi","لاللا يلليس ن لاللا, تيف اغروم ي يمما-س  -تزيزوي","""My lady, the daughter of my lady, her bread is better than her mother's! – The bee."""
"ⵍⴱⴷⴰ ⵏⵏⵟⵏ ⴰⵙ ⵡⴰⵕⴰ ⵏⵏⵙ, ⵉⴳⴳⵓⵔ ⵉⵜⵜⴰⵙⴷ ⵊⴰⵔ ⴰⵙⵏ, ⵖⵉⵔ ⴰⴷ ⵉⵡⵙⵔ ⵉⴷⵡⵍ ⴷ ⴰⵎⵥⵥⵢⴰⵏ  -ⵢⵓⵔ ⴷ ⵢⵉⵜⵔⴰⵏ",دائما محاط بأبنائه، يمشي ويأتي بينهم، عندما يشيخ يصبح صغيرا!– القمر والنجوم.,"lbda nnṭn as waṛa nns, iggur ittasd jar asn, ghir ad iwsr idwl d amẓẓyan  -yur d yitran","لبدا ننطن اس وارا ننس, يڭڭور يتتاسد جار اسن, غير اد يوسر يدول د امزّزّيان  -يور د ييتران","Always surrounded by its children, it walks and comes among them; when it ages, it becomes small! – The moon and the stars."
"ⵍⵍⴰⵏⵜ ⵖⴰⵔ-ⵉ ⵙⵏⵜ ⵏ ⵜⵡⵎⴰⵜⵉⵏ, ⵉⵛⵜ ⵜⵅⵙ ⵍⵃⵏⵏⵉ ⵢⵉⵛⵜ ⵍⴰ  -ⵅⵉⵣⵣⵓ ⴷ ⵓⵍⴼⵜⵉ",لدي أختان واحدة تريد الحناء والأخرى لا!– الجزر واللفت.,"llant ghar-i snt n twmatin, isht tkhs lḥnni yisht la  -khizzu d ulfti","للانت غار-ي سنت ن توماتين, يشت تخس لحنني ييشت لا  -خيززو د ولفتي","I have two sisters: one wants henna, and the other does not! – Carrots and turnips."
"ⵍⵍⴰⵏⵜ ⵙⵏⴰⵜ ⵏ ⵜⵙⴷⵏⴰⵏ, ⵉⵛⵜ ⵜⵙⵙⴽⴷⵓⴱ ⵓⵔ ⵜⵜⴱⴰⵏⴻⵏ ⵍⴽⴷⵓⴱ ⵏⵏⵙ, ⵉⵛⵜ ⵜⵙⵙⴽⴷⵓⴱ ⵜⵜⴱⴰⵏⴻⵏ ⵍⴽⴷⵓⴱ ⵏⵏⵙ  -ⵜⴰⴳⵛⵛⵓⵍⵜ ⴷ ⵜⵙⵉⵔⵜ",هناك امرأتان واحدة تكذب ولا يظهر كذبها والأخرى تكذب وينكشف كذبها!– الممخضة والمطحنة.,"llant snat n tsdnan, isht tsskdub ur ttbanen lkdub nns, isht tsskdub ttbanen lkdub nns  -tagshshult d tsirt","للانت سنات ن تسدنان, يشت تسسكدوب ور تتبان°ن لكدوب ننس, يشت تسسكدوب تتبان°ن لكدوب ننس  -تاڭششولت د تسيرت","There are two women: one lies, and her lies are not revealed, while the other lies, and her lies are exposed! – The refined and the grinder."
"ⵍⵅⵣⵏⴰ  ⵏ ⵙⵉⴷⵉ ⴱⵍⵄⴱⴱⴰⵙ, ⵓⵔ  ⵜⵜ  ⵉⵔⵥⵥⵎ  ⵖⵉⵔ ⵜⵖⵎⴰⵙ  -ⵜⴰⵕⵎⵎⴰⵏⵜ",خزانة سيدي بلعباس لا يفتحها إلا الأسنان!– الرمانة.,"lkhzna  n sidi bl3bbas, ur  tt  irẓẓm  ghir tghmas  -taṛmmant","لخزنا  ن سيدي بلعبباس, ور  تت  يرزّزّم  غير تغماس  -تارممانت","""The chest of Sidi Bel Abbes can only be opened by teeth! – The pomegranate."""
"ⵍⵄⵊⴱ ⴱⵓ ⵄⵊⴱⴰⵢⵏ, ⴱⵓ ⵄⵛⵕⴰ ⵢⵟⴰⵕⵏ, ⴱⵓ ⵢⵉⵛⵜ ⵏ ⵜⵖⵎⵙⵜ  -ⵜⵙⵉⵍⵉ ⴷ ⵜⴳⵔⵙⴰ",العجب العجاب صاحب عشرة أرجل وسن واحدة!– المحراث الخشبي وسكته.,"l3jb bu 3jbayn, bu 3shṛa yṭaṛn, bu yisht n tghmst  -tsili d tgrsa","لعجب بو عجباين, بو عشرا يطارن, بو ييشت ن تغمست  -تسيلي د تڭرسا",The astonishing wonder with ten legs and one tooth! – The wooden plow and its blade.
"ⵍⵄⵎⴰⵕⵜ ⵏⵏⵙ ⴷ ⵜⴰⵎⵍⵍⴰⵍⵜ, ⵏⵜⵜⴰⵜ ⴷ ⵜⴰⴱⵔⵛⴰⵏⵜ  -ⵜⵉⵥⵉ ⵏ ⵜⵉⵅⵙⵉ",ذخيرتها بيضاء وهي سوداء!– أضرع النعجة.,"l3maṛt nns d tamllalt, nttat d tabrshant  -tiẓi n tikhsi","لعمارت ننس د تامللالت, نتتات د تابرشانت  -تيزّي ن تيخسي","""Its supply is white, and it is black! – The udder of the sheep."""
"ⵎⴰ ⵜⵅⵙⵜ ⴰⴷ ⵅⴰⴼ-ⵙ ⵜⴼⴼⵖⵜ, ⵏⵄⵜ ⴰⵙ ⵜⴰⵎⵣⴳⵉⴷⴰ  -ⴰⵖⵔⴹⴰ",إذا أردت أن تتخلص منه أره المسجد!– الفأر.,"ma tkhst ad khaf-s tffght, n3t as tamzgida  -aghrḍa","ما تخست اد خاف-س تففغت, نعت اس تامزڭيدا  -اغرضا",Translation Error
"ⵎⴰ ⵡⵔ ⴰⵙ ⵉⵍⵍⵉ ⵡⵏⴳⴰⵔ, ⵓⵔ ⵜⴳⴳⵓⵔ  -ⵜⴰⵛⵓⵔⵜ",إذا لم تدفعها لن تمشي!– الكرة.,"ma wr as illi wngar, ur tggur  -tashurt","ما ور اس يللي ونڭار, ور تڭڭور  -تاشورت","""If you don't push it, it won't move! – The ball."""
"ⵎⴻⵎⵎⵉⵙ ⵉⵖⵍⵍⴱ ⵉ ⵡⴰⵟⵓ, ⵢⵎⵎⴰ-ⵙ ⵖⵍⵍⴱⵏ ⵜⵜ ⵡⴰⵎⴰⵏ  -ⴷⴷⵅⵅⴰⵏ ⴷ ⵜⵎⵙⵙⵉ",ابنها تغلبه الريح وأمه يغلبها الماء!– الدخان والنار.,"memmis ighllb i waṭu, ymma-s ghllbn tt waman  -ddkhkhan d tmssi","م°مميس يغللب ي واطو, يمما-س غللبن تت وامان  -ددخخان د تمسسي","""Her son is overcome by the wind, and his mother is overcome by the water! – Smoke and fire."""
"ⵎⵉⴷⴷⵏ ⵜⵜⵔⵓⵏ ⵣⵣⵉ ⵜⵉⵟⵟⴰⵡⵉⵏ, ⵏⵜⵜⴰ ⵢⵜⵜⵔⵓ ⵣⴳ ⵓⵣⵍⵍⵉⴼ  -ⵙⵙⵜⵉⵍⵓ",الناس تبكي من العينين وهو يبكي من الرأس!– القلم الجاف.,"middn ttrun zzi tiṭṭawin, ntta yttru zg uzllif  -sstilu","ميددن تترون ززي تيططاوين, نتتا يتترو زڭ وزلليف  -سستيلو","""People cry from their eyes, but he cries from his head! – The ballpoint pen."""
"ⵎⵉⵍⵍⵉ ⵢⴰⴷ ⵉⴱⴷⴷ, ⵢⴰⵡⵟ ⴰⵊⵏⵏⴰ  -ⴰⴱⵔⵉⴷ",لو وقف لوصل إلى السماء!– الطريق.,"milli yad ibdd, yawṭ ajnna  -abrid","ميللي ياد يبدد, ياوط اجننا  -ابريد","""If he stood, he would reach the sky! – The road."""
"ⵎⵉⵍⵍⵉ ⵢⵍⵉⴷ ⵏⵏⵉⵜⵏⵉ, ⵓⵔ ⴷ ⵖⴰⵔ-ⵛ ⴳⴳⵓⵔⵖ  -ⵉⵟⴰⵕⵏ",لولاهما لما أتيت إليك!– الأرجل.,"milli ylid nnitni, ur d ghar-sh ggurgh  -iṭaṛn","ميللي يليد ننيتني, ور د غار-ش ڭڭورغ  -يطارن","""If it weren't for them, I wouldn't have come to you! – The legs."""
"ⵎⵕⵕⴰ ⵢⵉⵕⵟ, ⵎⵕⵕⴰ ⵢⵇⵇⵉⵎ ⵄⴰⵔⵉ  -ⴰⵊⵏⵏⴰ",مرة مرتدية ومرة بقيت عارية!– السماء.,"mṛṛa yiṛṭ, mṛṛa yqqim 3ari  -ajnna","مررا ييرط, مررا يققيم عاري  -اجننا","""Sometimes dressed, and sometimes left bare! – The sky."""
ⵎⵛⵃⴰⵍ ⴰⵢ ⵜⴻⵜⵜⵛⴰ ⵜⵙⵓⵍ ⵓⵔ ⵜⵛⵡⵉ  -ⵍⵎⵓⵜ,كم أكلت ولازالت لم تشبع!– الموت.,mshḥal ay tettsha tsul ur tshwi  -lmut,مشحال اي ت°تتشا تسول ور تشوي  -لموت,How much has it devoured and still remains unsatisfied! – Death.
"ⵎⵓⵏⵏⵜ  ⵅⴰⴼ-ⵙ, ⵜⵜⵛⴰⵜⵏⵜ ⵜ ⵓⵔ ⵜ ⵙⵙⵉⵖⵉⵏ -ⵉⵍⵙ",اجتمعن عليه يضربنه ولا يلمسنه!– اللسان.,"munnt  khaf-s, ttshatnt t ur t ssighin -ils","موننت  خاف-س, تتشاتنت ت ور ت سسيغين -يلس","""They gathered around him, striking him without touching him! – The tongue."""
"ⵎⵢⴰ ⵏ ⵜⵄⴱⴰⵏⵉⵏ ⴷ ⵜⵄⴱⴰⵏⵉⵏ, ⵜⵉⵟⴰⵕⵉⵏ ⴷ ⵜⵉⵄⵔⵢⴰⵏⵉⵏ  -ⵜⵢⴰⵥⵉⵟⵜ",مئة فستان وفستان والسيقان عارية!– الدجاجة.,"mya n t3banin d t3banin, tiṭaṛin d ti3ryanin  -tyaẓiṭt","ميا ن تعبانين د تعبانين, تيطارين د تيعريانين  -تيازّيطت","""One hundred dresses and one, with bare legs! – The chicken."""
"ⵎⵢⴰ ⵜⵜⴰⵜⴼ, ⵎⵢⴰ ⵜⵜⴼⴼⵖ, ⵜⴰⵟⴰⵕⵜ ⵏ ⵢⵉⵖⵉⴷ ⵓⵔ ⵜⵜⵉⵜⴼ  -ⴰⵅⴱⵓⵛ ⵏ ⵜⵛⵟⴼⵉⵏ",مئة تدخل ومئة تخرج وقائمة الجدي لن تدخل!– حفرة النمل.,"mya ttatf, mya ttffgh, taṭaṛt n yighid ur ttitf  -akhbush n tshṭfin","ميا تتاتف, ميا تتففغ, تاطارت ن ييغيد ور تتيتف  -اخبوش ن تشطفين","""One hundred go in, one hundred come out, but the goat's list will not enter! – The ant hole."""
ⵏⴰⵏⵏⴰ ⴷ ⵜⴰⵎⵏⵏⵓⵇⵇⴱⵜ ⵏ ⵉⵏⵉⵔⵣ  -ⵜⵉⵙⵖⵏⵙⵜ,جدتي مثقوبة الكعب!– المشبك.,nanna d tamnnuqqbt n inirz  -tisghnst,ناننا د تامننوققبت ن ينيرز  -تيسغنست,My grandmother has a pierced heel! – The clasp.
ⵏⴰⵏⵏⴰ ⴷ ⵜⵎⵉⵥⵉⴹⵜ ⵏ ⵡⴰⴷⴰⵏ  -ⵜⴰⴷⵊⵓⵣⵜ,جدتي حلوة الأمعاء!– ثمرة الجوز.,nanna d tmiẓiḍt n wadan  -tadjuzt,ناننا د تميزّيضت ن وادان  -تادجوزت,My grandmother is sweet in the intestines! – The walnut.
"ⵏⴰⵏⵏⴰ ⵜⴽⵙⵙⵉ ⴷⴰⴷⴷⴰ, ⴷⴰⴷⴷⴰ ⵢⴽⵙⵙⵉ ⵢⴰⵢⵏⵏ ⵜⵍⴰ ⴷⴷⵓⵏⵛⵜ  -ⵜⴰⴱⵕⵉⵎⵜ ⴷ ⵓⵎⴰⴷⵓⵏ ⴷ ⵓⴱⵍⴱⵓⵍ",جدتي تحمل جدي، وجدي يحمل ما تملكه الدنيا!– القدر والكسكاس والسميد الغليظ.,"nanna tkssi dadda, dadda ykssi yaynn tla ddunsht  -tabṛimt d umadun d ublbul","ناننا تكسسي داددا, داددا يكسسي ياينن تلا ددونشت  -تابريمت د ومادون د وبلبول","My grandmother carries my grandfather, and my grandfather carries all that the world holds! – The pot, the couscous steamer, and the coarse semolina."
ⵏⴰⵏⵏⴰ ⵜⵥⵥⵓⵖⵖⵓⵕ ⵉⵚⵕⵎⴰⵏ  -ⵜⴰⵅⵉⵢⵢⴰⵟⵜ / ⵜⵉⵙⵙⵢⵏⵛⵜ,جدتي تجر الأمعاء!– الإبرة.,nanna tẓẓughghuṛ iṣṛman  -takhiyyaṭt / tissynsht,ناننا تزّزّوغغور يصرمان  -تاخييياطت / تيسسينشت,My grandmother is threading the needle!
"ⵏⵖⵔⵔⵙ ⴰⵙ, ⵏⵜⵜⵔⵓ ⵅⴰⴼ-ⵙ  -ⵜⴰⴱⵚⵍⵜ / ⵜⴰⵍⵉⴷⴰⵎⵜ",نذبحها ونبكي عليها!– البصلة.,"nghrrs as, nttru khaf-s  -tabṣlt / talidamt","نغررس اس, نتترو خاف-س  -تابصلت / تاليدامت",We slaughter it and cry over it! – The onion.
"ⵏⵉⵔ ⵉ ⴷ ⴰⵣⴳⴳⵯⴰⵖ, ⵉⴼⴼⵖ ⴷ ⴷ ⴰⵣⵉⵣⴰ, ⵏⵜⵜⵛ ⵉ ⴷ ⴰⵎⵍⵍⴰⵍ  -ⵉⵔⴷⵏ",رميناه أحمرا وخرج أخضرا وأكلناه أبيضا!– القمح.,"nir i d azggⵯagh, iffgh d d aziza, nttsh i d amllal  -irdn","نير ي د ازڭڭⵯاغ, يففغ د د ازيزا, نتتش ي د امللال  -يردن","We threw it red, it came out green, and we ate it white! – Wheat."
"ⵏⵜⴻⵜⵜ ⵉ, ⵎⴰ ⵏⵖⴼⵍ ⴰⴷ ⴰⵏⵖ ⵉⵜⵜⵛ  -ⴰⵙⵍⵎ",نأكله وإذا غفلنا سيأكلنا!– السمك.,"ntett i, ma nghfl ad angh ittsh  -aslm","نت°تت ي, ما نغفل اد انغ يتتش  -اسلم","We eat it, and if we are careless, it will eat us! – Fish."
"ⵏⵜⵜⴰ ⴰⵎ ⵍⵓⵇⵉⵢⵢⴰ, ⵉⵎⵉ ⵏⵏⵙ ⴷ ⴰⴽⵛⵛⵓⵟ  -ⴰⵊⵟⵉⵟ",هو كالأوقية وفمه من خشب!– العصفور.,"ntta am luqiyya, imi nns d akshshuṭ  -ajṭiṭ","نتتا ام لوقيييا, يمي ننس د اكششوط  -اجطيط","""He is like an ounce, and his mouth is made of wood! – The bird."""
"ⵇⵍⵓⵍⵍⵓ ⴱⵍⵓⵍⵍⵓ, ⴰⵎⵎⴰⵙ ⵏⵏⵙ ⴷ ⴰⵡⵔⴰⵖ  -ⵜⴰⵎⵍⵍⴰⵍⵜ","""قللو بللو"" (الشيء الصغير المنتفخ) وسطه أصفر!– البيضة.","qlullu blullu, ammas nns d awragh  -tamllalt","قلوللو بلوللو, امماس ننس د اوراغ  -تامللالت","""Qallalo Ballalo"" (the small puffy thing) with a yellow center! – The egg."
"ⵇⵍⵓⵍⵍⵓ ⴱⵍⵓⵍⵍⵓ, ⴰⵎⵎⴰⵙ ⵏⵏⵙ ⴷ ⵜⴰⴽⵜⵛⴰ  -ⴰⵣⴳⴳⵯⴰⵔ","""قللو بللو"" (الشيء الصغير المنتفخ) وسطه دودة!– التينة.","qlullu blullu, ammas nns d taktsha  -azggⵯar","قلوللو بلوللو, امماس ننس د تاكتشا  -ازڭڭⵯار","""Qallalo Ballalo"" (the small swollen thing) has a worm inside it! – The fig."
"ⵇⵟⵉⵟ ⵓⴱⵇⵟⵉⵟ, ⵉⵙⵙⵏⴳⵓⴳⵓ ⵢⴰⵇⵛⴱⵓⵕ  -ⵛⵓⵔⴷⵓ",شيء (مخلوق) صغير يحرك جذع الشجرة!– البرغوث.,"qṭiṭ ubqṭiṭ, issngugu yaqshbuṛ  -shurdu","قطيط وبقطيط, يسسنڭوڭو ياقشبور  -شوردو",A small (creature) moves the tree trunk! – The flea.
"ⵔⴱⵄⴰ ⵏ ⵜⵎⵖⴰⵔⵉⵏ, ⵓⵔ ⵜⵜⵎⵙⵍⵍⵉⵎⵏⵜ ⴷⴳ ⵡⴰⵙⵙ ⵏ ⵍⵄⵉⴷ  -ⵜⵉⵖⵎⵔⵉⵏ ⵏ ⵓⵅⵅⴰⵎ",أربع عجائز لا تتبادلن التحايا يوم العيد!– زوايا البيت.,"rb3a n tmgharin, ur ttmsllimnt dg wass n l3id  -tighmrin n ukhkham","ربعا ن تمغارين, ور تتمسلليمنت دڭ واسس ن لعيد  -تيغمرين ن وخخام","""Four elderly women do not exchange greetings on the day of Eid! – The corners of the house."""
"ⵔⴱⵄⴰ ⵏ ⵓⵊⵏⵏⴰ, ⵔⴱⵄⴰ ⵏ ⵜⵎⵓⵔⵜ, ⵔⴱⵄⴰ ⵏ ⵍⴰⵍⵍ ⵏ ⵓⵅⵅⴰⵎ  -ⴰⵛⵛⴰⵡⵏ ⴷ ⵉⵎⵊⵊⴰⵏ ⵏ ⵜⴼⵓⵏⴰⵙⵜ ⴷ ⵢⵉⵟⴰⵕⵏ ⵏⵏⵙ ⴷ ⵢⵉⴼⴼⴰⵏ ⵏⵏⵙ",أربعة للسماء وأربعة للأرض وأربعة لسيدة المنزل!–  قرنا وأذنا البقرة وقوائمها وأضرعها.,"rb3a n ujnna, rb3a n tmurt, rb3a n lall n ukhkham  -ashshawn d imjjan n tfunast d yiṭaṛn nns d yiffan nns","ربعا ن وجننا, ربعا ن تمورت, ربعا ن لالل ن وخخام  -اششاون د يمججان ن تفوناست د ييطارن ننس د ييففان ننس","""Four for the sky, four for the earth, and four for the lady of the house! – The horns and ears of the cow, its legs, and its udders."""
"ⵔⴱⵄⴰ ⵜⵜⴰⵣⵣⵍⵏ, ⵉⴷⵊ ⵉⵙⵙⵖⵓⵢⵢⵓ, ⵉⴷⵊ ⵢⴰⵟ ⵉⵜⵜⵛⵢⵢⴰⵔ  -ⴰⵇⵣⵉⵏ / ⴰⵢⴷⵉ / ⴰⵎⵃⵔⴰⵙ",أربعة يركضون وواحد يصرخ والآخر يلوح!– الكلب.,"rb3a ttazzln, idj issghuyyu, idj yaṭ ittshyyar  -aqzin / aydi / amḥras","ربعا تتاززلن, يدج يسسغوييو, يدج ياط يتتشييار  -اقزين / ايدي / امحراس","""Four are running, one is shouting, and another is waving! – The dog."""
"ⵙⵉⴼⴼ ⵙⵉⴼⴼ ⵍⵄⴱⵕⵓⵇ, ⴷⵡⵡⵕ ⴷⵡⵡⵕ ⵚⵚⵏⴷⵓⵇ  -ⴱⵓⵙⵉⵢⵢⴰⵕ / ⵜⴰⵍⵍⵓⵏⵜ",غربل غربل الرجل القوي، ودوّر دوّر الصندوق!– الغربال.,"siff siff l3bṛuq, dwwṛ dwwṛ ṣṣnduq  -busiyyaṛ / tallunt","سيفف سيفف لعبروق, دوور دوور صصندوق  -بوسيييار / تاللونت","""The strong man sifted and sifted, and the box spun and spun! – The sieve."""
"ⵙⵍⵍ ⴽⴱⵓⵟ, ⵉⵎⵉ ⵏⵏⵙ ⴷ ⴰⴽⵛⵛⵓⵟ  -ⵜⵢⴰⵥⵉⵟⵜ","اسمع ""كبوط"" (نقنقة) فمها من خشب!– الدجاجة.","sll kbuṭ, imi nns d akshshuṭ  -tyaẓiṭt","سلل كبوط, يمي ننس د اكششوط  -تيازّيطت","Listen to ""Kaboot"" (cluck), her beak is made of wood! – The chicken."
"ⵙⵏⴰⵜ ⵏ ⵜⴰⵡⵎⴰⵜⵉⵏ ⵎⵊⴰⵕⴰⵏⵜ, ⵉⵛⵜ ⵓⵔ ⵜⵉⵏⵏⵉⵢ ⵢⵉⵛⵜ  -ⵜⵉⵟⵟⴰⵡⵉⵏ / ⴰⵍⵍⵏ",أختان متجاورتان لا ترى إحداهما الأخرى!– العينان.,"snat n tawmatin mjaṛant, isht ur tinniy yisht  -tiṭṭawin / alln","سنات ن تاوماتين مجارانت, يشت ور تيننيي ييشت  -تيططاوين / اللن",Two neighboring sisters who cannot see each other! – The eyes.
"ⵙⵏⴰⵜ ⵏ ⵜⵃⵔⵔⵓⴷⵉⵏ, ⵉⵛⵜ ⵜⵙⵙⴰⵖ ⵜⵣⵣⵏⵓⵣ, ⵉⵛⵜ ⵓⵔ ⵜⵜ ⵢⵉⵏⵏⵉⵢ ⵃⴷ  -ⴷⴷⵓⵏⵛⵜ ⴷ ⵍⴰⵅⵔⵜ",بنتان، واحدة تشتري وتبيع والأخرى لم يرها أحد!– الدنيا والآخرة.,"snat n tḥrrudin, isht tssagh tzznuz, isht ur tt yinniy ḥd  -ddunsht d lakhrt","سنات ن تحررودين, يشت تسساغ تززنوز, يشت ور تت ييننيي حد  -ددونشت د لاخرت","Two girls: one buys and sells, and the other no one has seen! – This refers to the worldly life and the hereafter."
"ⵙⵏⴰⵜ ⵏ ⵜⵃⵟⵓⵟⵉⵏ, ⵉⵛⵜ ⴷ ⵜⴰⵥⵇⵇⴰⵍⵜ, ⵉⵛⵜ ⴷ ⵜⴰⵚⵎⵎⴰⵟⵜ  -ⵜⴼⵓⵛⵜ ⴷ ⵜⵣⵉⵔⵉ",خبزتان صغيرتان واحدة ساخنة والأخرى باردة!– الشمس والبدر.,"snat n tḥṭuṭin, isht d taẓqqalt, isht d taṣmmaṭt  -tfusht d tziri","سنات ن تحطوطين, يشت د تازّققالت, يشت د تاصمماطت  -تفوشت د تزيري","Two small loaves of bread, one warm and the other cold! – The sun and the moon."
"ⵙⵏⴰⵜ ⵏ ⵜⵇⵕⵉⵚⵉⵏ, ⵉⵛⵜ ⵓⵔ ⵜⵓⵊⵉⵔ ⵢⵉⵛⵜ  -ⴰⵊⵏⵏⴰ ⴷ ⵜⵎⵓⵔⵜ",خبزتان لا تتجاوز إحداهما الأخرى!– السماء والأرض.,"snat n tqṛiṣin, isht ur tujir yisht  -ajnna d tmurt","سنات ن تقريصين, يشت ور توجير ييشت  -اجننا د تمورت","""Two loaves of bread, neither surpassing the other! – The sky and the earth."""
"ⵙⵏⴰⵜ ⵏ ⵜⵓⴷⵔⵉⵏ, ⵉⵛⵜ ⴷ ⵜⴰⵇⵕⵕⵓⵟⵜ, ⵉⵛⵜ ⴷ ⵜⴰⵣⴳⵔⴰⵔⵜ, ⵏⵜⵛ ⵜⵜⵉⵏⵉⵖ-ⴰⵙⵏ: ⴷ ⵜⴰⵣⴳⵔⴰⵔⵜ ⴰⴳⴳ ⵉⵖⵓⴷⴰⵏ, ⵏⵉⵜⵏⵉ ⵜⵜⵉⵏⵉⵏ ⵉⵢⵉ: ⴷ ⵜⴰⵇⵕⵕⵓⵟⵜ ⴰⴳⴳ ⵉⵖⵓⴷⴰⵏ  -ⴷⴷⵓⵏⵛⵜ ⴷ ⵍⴰⵅⵔⵜ",داران، واحدة قصيرة والأخرى طويلة، أنا أقول لهم: الطويلة هي الجميلة، وهم يقولون لي: القصيرة هي الأجمل!– الدنيا والآخرة.,"snat n tudrin, isht d taqṛṛuṭt, isht d tazgrart, ntsh ttinigh-asn: d tazgrart agg ighudan, nitni ttinin iyi: d taqṛṛuṭt agg ighudan  -ddunsht d lakhrt","سنات ن تودرين, يشت د تاقرروطت, يشت د تازڭرارت, نتش تتينيغ-اسن: د تازڭرارت اڭڭ يغودان, نيتني تتينين ييي: د تاقرروطت اڭڭ يغودان  -ددونشت د لاخرت","Two homes, one short and the other long. I say to them: the long one is the beautiful one, and they say to me: the short one is the most beautiful! – This world and the Hereafter."
"ⵙⵏⴰⵜ ⵏ ⵜⵅⵓⴱⴰⵢ, ⵔⵔⵉⵏⵜ ⵉⵎⵉ ⴷⴷⵓⵏⵉⵜ ⵓⵔ ⵜⵣⵍⵍⵉⵄⵏⵜ  -ⵜⵉⵏⵣⴰⵔ",خابيتان فمهما إلى الأسفل ولا تسيلان!– المناخر.,"snat n tkhubay, rrint imi ddunit ur tzlli3nt  -tinzar","سنات ن تخوباي, ررينت يمي ددونيت ور تزلليعنت  -تينزار","""Two cavities facing downward and they do not flow! – The nostrils."""
"ⵙⵏ ⴷ ⵉⵏⵇⵇⵓⵔⴰ, ⵙⵏ ⴷ ⵉⵍⵇⵇⴰⵖⵏ  -ⴰⵛⵛⴰⵡⵏ ⴷ ⵉⵎⵊⵊⴰⵏ ⵓⴼⵓⵏⴰⵙ",اثنان صلبان واثنان رطبان!– قرنا وأذنا الثور.,"sn d inqqura, sn d ilqqaghn  -ashshawn d imjjan ufunas","سن د ينققورا, سن د يلققاغن  -اششاون د يمججان وفوناس","""Two are solid and two are soft! – The horns and ears of the bull."""
"ⵙⵏ ⵉⴱⴰⵡⵏ, ⵣⵔⵄⵏ ⵜⵎⵓⵔⵜ  -ⴰⵍⵍⵏ",فولتان زرعتا الأرض!– العينان.,"sn ibawn, zr3n tmurt  -alln","سن يباون, زرعن تمورت  -اللن","""Two beans planted the earth! – The eyes."""
"ⵙⵏ ⵊⴱⴱⴷⵏ, ⵉⴷⵊ ⵉⵜⵜⵎⵜⵜⴰ  -ⵙⵏ ⵉⵟⵓⴹⴰⵏ ⴷ ⵓⴳⵉⵕⵕⵓ",اثنان يسحبان وواحد يموت!– الأصبعين والسيجارة.,"sn jbbdn, idj ittmtta  -sn iṭuḍan d ugiṛṛu","سن جببدن, يدج يتتمتتا  -سن يطوضان د وڭيررو","""Two pull, and one dies! – The two fingers and the cigarette."""
"ⵙⵏ ⵏ ⵡⴰⵡⵎⴰⵜⵏ, ⵡⴰ ⵡⵔ ⵉⵥⵕⵉ ⵡⴰ  -ⵉⵎⵊⵊⴰⵏ",أخوان لا يعرف أحدهما الآخر!– الأذنان.,"sn n wawmatn, wa wr iẓṛi wa  -imjjan","سن ن واوماتن, وا ور يزّري وا  -يمججان","""Two brothers who do not know each other! – The ears."""
"ⵙⵙⵜⵜⵛⴰⵏ, ⵓⵔ ⵜⵜⵎⵜⵜⵛⵉⵏ  -ⵍⴼⵍⵓⵙ",يؤَكلون ولا يؤْكلون!– النقود.,"ssttshan, ur ttmttshin  -lflus","سستتشان, ور تتمتتشين  -لفلوس","""They are eaten but do not eat! – Money."""
"ⵙⵓⴼ ⵉⵏⴷⴷⵀ ⵉⵇⵛⴱⴰⵕ, ⵎⴰ ⵡⵔ ⴰⵙ ⵜⵙⵙⵉⵏⵜ ⴰⴷ ⵜ ⵛ ⵉⵏⴷⵀ  -ⴰⴱⵔⵉⴷ ⴰⵎⵇⵇⵔⴰⵏ",واد يجرف جذوع الشجر إذا لم تعرف كيفية عبوره سيجرفك!– الطريق الكبير.,"suf inddh iqshbaṛ, ma wr as tssint ad t sh indh  -abrid amqqran","سوف يندده يقشبار, ما ور اس تسسينت اد ت ش ينده  -ابريد امققران","""A valley that sweeps away tree trunks—if you don't know how to cross it, it will sweep you away! – The Great Road."""
"ⵚⵚⵉⵏⵉⵢⵢⴰ ⵏⵏⵖ ⵏ ⵏⵏⵃⴰⵙ, ⵉⵏⵏⵟ ⴰⵙ ⵓⵎⵉⵖⵥ, ⵍⴰ ⵢⴰⵣⵍⵍⵉⴼ ⵍⴰ ⵍⵙⴰⵙ  -ⵍⴱⵃⵕ",صينيتنا من النحاس تحيط بها دودة لا رأس لها ولا أساس!– البحر.,"ṣṣiniyya nngh n nnḥas, innṭ as umighẓ, la yazllif la lsas  -lbḥṛ","صصينيييا ننغ ن ننحاس, يننط اس وميغزّ, لا يازلليف لا لساس  -لبحر","""Our tray is made of copper, surrounded by a headless, baseless worm! – The sea."""
"ⵛⵏⵅⵕ, ⴼⵏⵅⵕ, ⴰⵏⵕⴰⵕ, ⵜⵉⵣⴳⵉ  -ⵉⵎⵉ ⴷ ⵢⵉⵏⵣⵔ ⴷ ⵜⵏⵟⵓⵃⵜ ⴷ ⵓⵛⴽⴽⵓⴽ","""شنخر"" و""فنخر"" وبيدر وغابة!– الفم والأنف والجبهة والشعر.","shnkhṛ, fnkhṛ, anṛaṛ, tizgi  -imi d yinzr d tnṭuḥt d ushkkuk","شنخر, فنخر, انرار, تيزڭي  -يمي د يينزر د تنطوحت د وشككوك","""Shankhar"" and ""Fankhar"" and a threshing floor and a forest! – The mouth, the nose, the forehead, and the hair."
"ⵛⵔⵣⵖ ⵉⵢⵢⵔ, ⵓⵔ ⵙⵙⵉⵏⵖ ⴰⴷ ⵉⴼⴼⵖ ⴷ ⵉⵔⴷⵏ ⵏⵖ ⴷ ⵜⵎⵥⵉⵏ  -ⴰⵃⵟⵉⵟ",حرثت الحقل ولا أدري أيخرج قمحا أم شعيرا!– الجنين.,"shrzgh iyyr, ur ssingh ad iffgh d irdn ngh d tmẓin  -aḥṭiṭ","شرزغ ييير, ور سسينغ اد يففغ د يردن نغ د تمزّين  -احطيط","""I plowed the field, but I do not know whether it will yield wheat or barley!"" – The fetus."
"ⵜⴰⴷⴷⴰⵔⵜ ⵉⵏⵓ ⴷ ⵜⴰⵣⵉⵣⴰⵡⵜ, ⵉⵃⵍⴰⵙⵏ ⵏⵏⵙ ⴷ ⵉⵣⴳⴳⵯⴰⵖⵏ, ⵓⵔ ⵜⵜ ⵉⵣⴷⴷⵖ ⵖⵉⵔ ⵉⵙⵎⵖⴰⵏ  -ⵜⴰⴷⵍⵍⴰⵃⵜ",منزلي أخضر وأغطيته حمراء لا يسكنه إلا العبيد!– البطيخ الأحمر.,"taddart inu d tazizawt, iḥlasn nns d izggⵯaghn, ur tt izddgh ghir ismghan  -tadllaḥt","تاددارت ينو د تازيزاوت, يحلاسن ننس د يزڭڭⵯاغن, ور تت يزددغ غير يسمغان  -تادللاحت",Translation Error
"ⵜⴰⴷⴷⴰⵔⵜ ⵜⴻⵜⵜⵛⵓⵕ ⵙ ⵜⵎⵖⴰⵔⵉⵏ, ⵜⵏ ⴷ ⵉⴼⴼⵖⵏ ⴽⴽⵙⵏ ⴰⵙ ⴰⵣⵍⵍⵉⴼ  -ⵍⵓⵇⵉⴷ",المنزل مليء بالعجائز من خرجت قطعوا لها الرأس!– عود الثقاب.,"taddart tettshuṛ s tmgharin, tn d iffghn kksn as azllif  -luqid","تاددارت ت°تتشور س تمغارين, تن د يففغن ككسن اس ازلليف  -لوقيد",Translation Error
"ⵜⴰⴷⵉⵙⵜ ⵏⵏⵙ ⵖⵔ ⴷⴼⴼⵔ, ⴰⵙⵔⵓⴼ ⵏⵏⵙ ⵖⵔ ⴷⴰⵜ  -ⴼⵓⴷ",بطنه وراءه وظهره أمامه!– الركبة.,"tadist nns ghr dffr, asruf nns ghr dat  -fud","تاديست ننس غر دففر, اسروف ننس غر دات  -فود","""His stomach is behind him, and his back is in front of him! – The knee."""
"ⵜⴰⴼⵓⵏⴰⵙⵜ ⵏⵏⵖ ⵓⵔ ⴷⴰⴳ-ⵙ ⴰⴽⵙⵓⵎ ⵡⴰⵍⴰ ⵢⴰⵛⴼⴼⴰⵢ, ⵜⵙⵙⵎⵓⵏⵙⵓ ⵢⴰⵏⵖ ⵜⵙⵙⵎⵓⵏⵙⵓ ⵢⵉⵙⵎⵖⴰⵏ ⴷ ⵡⴰⴷⵊⴰⵔⵏ  -ⵜⴰⵙⵉⵔⵜ",بقرتنا لا لحم فيها ولا حليب، عشّتنا وعشّت العبيد والجيران!– المطحنة / الرحى.,"tafunast nngh ur dag-s aksum wala yashffay, tssmunsu yangh tssmunsu yismghan d wadjarn  -tasirt","تافوناست ننغ ور داڭ-س اكسوم والا ياشففاي, تسسمونسو يانغ تسسمونسو ييسمغان د وادجارن  -تاسيرت","""Our cow has neither meat nor milk, yet it sustains us, the servants, and the neighbors!"" – *The Mill / The Grindstone.*"
"ⵜⴰⵍⵖⵎⵜ ⵉⵏⵓ ⵜⵊⵏⴰ, ⵉⵔⵉ ⵏⵏⵙ ⵉⵡⵡⵟ ⴰⵊⵏⵏⴰ  -ⵛⵛⵉⵎⵉⵍⵉ",ناقتي نائمة وعنقها وصل السماء!– المدخنة.,"talghmt inu tjna, iri nns iwwṭ ajnna  -shshimili","تالغمت ينو تجنا, يري ننس يووط اجننا  -ششيميلي","My she-camel is sleeping, and her neck has reached the sky! – The chimney."
ⵜⴰⵏⴷⵓⵜ ⵏⵏⵟⵏ ⴰⵙ ⵉⵣⴳⴳⵯⴰⵔⵏ  -ⵢⵓⵔ ⴷ ⵢⵉⵜⵔⴰⵏ,سلة مسطحة محاطة بالتين!– القمر والنجوم.,tandut nnṭn as izggⵯarn  -yur d yitran,تاندوت ننطن اس يزڭڭⵯارن  -يور د ييتران,A flat basket surrounded by figs! – The moon and the stars.
"ⵜⴰⵙⵉⵔⵜ ⵜⵙⵙⵜⴼⵜⵓⴼ, ⴰⴼⵓⵏⴰⵙ ⵉⵙⵙⵎⵓⵀⵔⵓⵜ, ⵉⵙⵎⵖ ⵉⵜⵜⵙⵓⵃⵔⵓⵜ  -ⵜⴰⴷⵉⵙⵜ ⴷ ⵢⵉⵎⵉ ⴷ ⵓⵟⴰⵕ",المطحنة تبحث والثور يخور والعبد يلهث!– البطن والفم والرجل.,"tasirt tsstftuf, afunas issmuhrut, ismgh ittsuḥrut  -tadist d yimi d uṭaṛ","تاسيرت تسستفتوف, افوناس يسسموهروت, يسمغ يتتسوحروت  -تاديست د ييمي د وطار","""The mill grinds, the ox bellows, and the servant pants! – The belly, the mouth, and the leg."""
"ⵜⴰⵛⵕⵓⵥⵉ ⵙⵡⴰⴷⴷⴰ, ⵙⵏⵏⵊ ⴷ ⵉⴱⵍⴰⵟⵏ  -ⵜⴰⵎⵟⵍⵜ",ضيق في الأسفل وحجارة مسطحة في الأعلى!– القبر.,"tashṛuẓi swadda, snnj d iblaṭn  -tamṭlt","تاشروزّي سواددا, سننج د يبلاطن  -تامطلت","""Narrow at the bottom and flat stones on top! – The grave."""
ⵜⴰⵡⵙⵙⴰⵔⵜ ⵜⵜⴳⴷⴷⴰⴷ ⵜⴰⵡⵙⵙⴰⵔⵜ  -ⵉⵇⵕⴹⴰⵛⵏ,عجوز تلتهم عجوز!– مشطا الصوف.,tawssart ttgddad tawssart  -iqṛḍashn,تاوسسارت تتڭدداد تاوسسارت  -يقرضاشن,"""An old woman devours an old woman! – The wool comb."""
"ⵜⴰⵢⴷⴷⵉⴷⵜ ⵜⴰⴱⵏⵢⴷⴷⵉⴷⵜ, ⵉⵎⵉ ⵏⵏⵙ ⴷ ⴰⴽⵛⵛⵓⵟ  -ⵜⵢⴰⵥⵉⵟⵜ",ركوة (قربة صغيرة من جلد الماعز) منتفخة فمها من خشب!– الدجاجة.,"tayddidt tabnyddidt, imi nns d akshshuṭ  -tyaẓiṭt","تايدديدت تابنيدديدت, يمي ننس د اكششوط  -تيازّيطت","A swollen ""rakwa"" (a small goatskin pouch) with a wooden mouthpiece! – The hen."
ⵜⴱⴷⴷ ⵜⵜⴻⵜⵜ ⴰⴷⴰⵏ ⵏⵏⵙ ⵛⵡⴰⵢ ⵙ ⵛⵡⴰⵢ  -ⵜⴰⵛⵎⵄⵉⵛⵜ,وقفت تأكل أمعاءها شيئا فشيئا!– الشمعة.,tbdd ttett adan nns shway s shway  -tashm3isht,تبدد تت°تت ادان ننس شواي س شواي  -تاشمعيشت,"""The candle stood eating its own insides little by little!"""
ⵜⴻⵜⵜⵛⴰ ⵢⴰⴷⴰⵏ ⵏ ⵢⵍⵍⵉⵙ ⵜⵖⵉⵍ ⵏ ⵇⵕⵎⵓⵙ  -ⵜⵔⴳⵓ,"أكلت أمعاء ابنتها وظنت أنها لـ ""قرموش"" (اسم علم مذكور في الحكايات الأمازيغية القديمة)!– أنثى الغول.",tettsha yadan n yllis tghil n qṛmus  -trgu,ت°تتشا يادان ن يلليس تغيل ن قرموس  -ترڭو,Translation Error
ⵜⴻⵜⵜⵡⴰⵕⵡ ⵓⵔ ⵜⵜⵉⵕⵡ  -ⵜⴰⵙⵔⴷⵓⵏⵜ,أُنجبت ولا تُنجب!– البغلة.,tettwaṛw ur ttiṛw  -tasrdunt,ت°تتوارو ور تتيرو  -تاسردونت,"""She was born but does not give birth! – The mule."""
"ⵜⴼⵍⴰ ⵅ ⵓⵎⵍⵍⴰⵍ, ⵜⵏⴰⵚⴼ ⵅ ⵓⵣⴳⴳⵯⴰⵖ, ⵜⵇⵟⵡ ⵅ ⵓⴱⵔⵛⴰⵏ  -ⵜⴰⴱⵖⴰ",نسجت على الأبيض وتناصفت على الأحمر وقطعت على الأسود!– توت العليق.,"tfla kh umllal, tnaṣf kh uzggⵯagh, tqṭw kh ubrshan  -tabgha","تفلا خ ومللال, تناصف خ وزڭڭⵯاغ, تقطو خ وبرشان  -تابغا","""I wove on white, shared on red, and was cut on black! – Raspberry."""
ⵜⴼⵍⴰ ⵢⴰⵥⵟⵟⴰ ⴱⵍⴰ ⵢⴼⴷⵊⴰⵊⵏ  -ⵜⵣⵉⵣⵡⵉ,أعدت المنسج بدون جذوع (أدوات خشبية تستعمل في الحياكة التقليدية)! – النحلة.,tfla yaẓṭṭa bla yfdjajn  -tzizwi,تفلا يازّططا بلا يفدجاجن  -تزيزوي,"""I prepared the loom without the wooden rods (tools used in traditional weaving)! – The bee."""
ⵜⴼⵓⵕⵏⵜ ⵉⵏⵓ ⴷⵉ ⵜⵊⴷⵉⵔⵜ  -ⵜⵉⵎⵊⵊⵜ,فرني الصغير في جرف صغير!– الأذن.,tfuṛnt inu di tjdirt  -timjjt,تفورنت ينو دي تجديرت  -تيمججت,"""My small oven in a small cave! – The ear."""
"ⵜⴳⴳⵓⵔ ⴷⵉ ⵜⴱⵃⵉⵔⵉⵏ, ⵜⵙⵙⵟⵎⴰⵄ ⵍⵡⴰⵛⵓⵏ  -ⵜⵎⴰⵍⵍⴰ",تتمشى في بساتين الخضر وتغري الأولاد!– اليمامة.,"tggur di tbḥirin, tssṭma3 lwashun  -tmalla","تڭڭور دي تبحيرين, تسسطماع لواشون  -تماللا","""She strolls through the green orchards and captivates the children! – The dove."""
ⵜⴳⴳⵓⵔ ⵅ ⵢⵉⵎⵉ ⵏ ⵓⵊⴷⵉⵔ ⵓⵔ ⵜⵜⵓⵟⵉ  -ⵜⴰⵥⵟⵛⴰ,تمشي على حافة الجرف ولا تسقط!– مشط النسيج.,tggur kh yimi n ujdir ur ttuṭi  -taẓṭsha,تڭڭور خ ييمي ن وجدير ور تتوطي  -تازّطشا,"""Walking on the edge of the cliff and not falling! – The comb of the fabric."""
"ⵜⴳⵄⵄⴷ ⴰⴽⴷ ⵓⵙⵓⴼ ⵜⴻⵜⵜⵔⵓ, ⵜⵇⵇⴰⵕ ⴰ ⴼⴰⴷ ⵏ ⵜⴰⵕⵡⴰ  -ⵜⴰⵙⵔⴷⵓⵏⵜ",صعدت مع النهر تبكي وتصرخ يا عطش الإنجاب (بحثا عن الذرية)!– البغلة.,"tg33d akd usuf tettru, tqqaṛ a fad n taṛwa  -tasrdunt","تڭععد اكد وسوف ت°تترو, تققار ا فاد ن تاروا  -تاسردونت","""She ascended along the river, crying and screaming, 'Oh, the thirst for procreation (in search of offspring)!' – The Mule."""
ⵜⵖⵉⵔⴷⵎⵜ ⵜⵄⵍⵍⵇ ⴷⴳ ⵓⵚⵟⵟⴰ  -ⵜⴰⵃⵕⵓⵕⵜ,عقرب معلق بالغصن!– الفلفلة.,tghirdmt t3llq dg uṣṭṭa  -taḥṛuṛt,تغيردمت تعللق دڭ وصططا  -تاحرورت,A scorpion hanging from the branch! – The chili pepper.
"ⵜⵖⵔⵔⵙⵜ ⴰⵙ ⵜⵙⵙⵖⵓⵢⵢⵓ, ⵎⴰⵛⴰ ⵡⵔ ⴷ ⵜⴼⴼⵖⵏ ⵉⴷⴰⵎⵎⵏ ⵏⵏⵙ  -ⵍⴽⴰⵎⴰⵏⵊⴰ",تذبحها وتصرخ لكن لا تخرج دماءها!– الكمان.,"tghrrst as tssghuyyu, masha wr d tffghn idammn nns  -lkamanja","تغررست اس تسسغوييو, ماشا ور د تففغن يداممن ننس  -لكامانجا",Translation Error
"ⵜⵃⵏⵓⵏⵏⵟ  ⵜⴱⵏⵓⵏⵏⵟ, ⵜⵡⵛⴰ  ⵢⵉⵅⴼ  ⵏⵏⵙ ⵉ ⵡⴰⵏⵓ  -ⵜⴰⵍⵇⵇⵉⵎⵜ",مكورة ومدورة وأعطت نفسها للبئر!– اللقمة.,"tḥnunnṭ  tbnunnṭ, twsha  yikhf  nns i wanu  -talqqimt","تحنوننط  تبنوننط, توشا  ييخف  ننس ي وانو  -تالققيمت","""Round and spherical, and it gave itself to the well! – The morsel."""
"ⵜⵉⵖⵎⴰⵙ ⵖⴰⵔ-ⵙ, ⴰⵖⵥⵥⵉ ⵓⵔ ⵜⵜⵖⵥⵥⵉ  -ⵜⴰⵎⵛⵟⵜ",لها أسنان لكنها لا تعض!– المشط.,"tighmas ghar-s, aghẓẓi ur ttghẓẓi  -tamshṭt","تيغماس غار-س, اغزّزّي ور تتغزّزّي  -تامشطت",It has teeth but does not bite! – The comb.
"ⵜⵉⵖⵎⴰⵙ ⵜⵉⵖⵎⴰⵙ, ⵣⴳ ⵓⴼⵓⵙ ⴰⵍ ⴰⵣⵍⵍⵉⴼ  -ⴰⵎⵊⵔ",أسنان أسنان من اليد إلى الرأس!– المنجل.,"tighmas tighmas, zg ufus al azllif  -amjr","تيغماس تيغماس, زڭ وفوس ال ازلليف  -امجر","""Teeth, teeth from the hand to the head! – The sickle."""
ⵜⵉⵏⵣⴰⵔ ⵏⵏⵙ ⴷⴳ ⵓⵄⴷⴷⵉⵙ ⵏⵏⵙ  -ⴰⵣⴳⴰⵡ,أنفه في بطنه!– القفة.,tinzar nns dg u3ddis nns  -azgaw,تينزار ننس دڭ وعدديس ننس  -ازڭاو,"""His nose is in his stomach! – The basket."""
"ⵜⵉⵕⵟ ⵃⴰⵍⵍⴰ ⵏ ⵢⵉⵃⵔⴰⵡⵏ, ⴰⵏⴳⴳⴰⵔ ⴷ ⴰⵏⵇⵇⴰⵔ  -ⵜⴰⴱⵚⵍⵜ / ⵜⴰⵍⵉⴷⴰⵎⵜ",لبست الكثير من الملابس آخرها يابس! – البصلة.,"tiṛṭ ḥalla n yiḥrawn, anggar d anqqar  -tabṣlt / talidamt","تيرط حاللا ن ييحراون, انڭڭار د انققار  -تابصلت / تاليدامت","""I wore many layers of clothing, the last of which is dry! – The onion."""
ⵜⵉⵙⵎⵖⵜ ⵜⵙⵙⵓⴼⵓⵖ ⵉⵏⵓⵊⵉⵡⵏ  -ⵜⴰⵇⴷⴷⵓⵃⵜ,الأمة تُخرج الضيوف (أي تعتني بالضيوف منذ وصولهم إلى حين مغادرتهم)!– القدر المفحم.,tismght tssufugh inujiwn  -taqdduḥt,تيسمغت تسسوفوغ ينوجيون  -تاقددوحت,"""The nation hosts the guests (i.e., takes care of the guests from their arrival until their departure)! – The Pot Overflowing."""
ⵜⵉⵟⵟ ⵏⵏⵙ ⴷⴳ ⵓⵄⴷⴷⵉⵙ ⵏⵏⵙ  -ⵜⴰⵅⵉⵢⵢⴰⵟⵜ / ⵜⵉⵙⵙⵢⵏⵛⵜ,عينها في بطنها!– الإبرة.,tiṭṭ nns dg u3ddis nns  -takhiyyaṭt / tissynsht,تيطط ننس دڭ وعدديس ننس  -تاخييياطت / تيسسينشت,"""Her eye is in her stomach! – The needle."""
"ⵜⴽⴽⵔⵏⴻⵏⵏⵉ ⵜⴱⴱⵔⵏⴻⵏⵏⵉ, ⵜⴰⵍⵢ ⴰⵊⵏⵏⴰ ⵢ ⵓⴽⵛⵛⵓⵟ  -ⵜⴰⴷⵊⵓⵣⵜ",تلففت وانتفخت وطلعت فوق العود! – ثمرة الجوز.,"tkkrnenni tbbrnenni, taly ajnna y ukshshuṭ  -tadjuzt","تككرن°نني تببرن°نني, تالي اجننا ي وكششوط  -تادجوزت","""Wrapped itself, swelled, and climbed up the branch! – The walnut."""
"ⵜⴽⴽⵔⵏⴻⵏⵏⵉ ⵜⴱⴱⵔⵏⴻⵏⵏⵉ, ⵜⵓⵕⵡ ⵙⵡⴰⴷⴷⴰ ⵢ ⵜⵎⵓⵔⵜ  -ⴱⴰⵟⴰⵟⴰ",تلففت وانتفخت وأثمرت تحت الأرض! – البطاطس.,"tkkrnenni tbbrnenni, tuṛw swadda y tmurt  -baṭaṭa","تككرن°نني تببرن°نني, تورو سواددا ي تمورت  -باطاطا","It wrapped itself, swelled, and bore fruit underground! – The potato."
"ⵜⵍⴰⵜⴰ ⴱⴷⴷⵏ, ⵉⴷⵊ ⵉⵜⵜⵓⵔⴰⵔ ⵊⴰⵔ-ⴰⵙⵏ  -ⵉⵎⵙⵙⵏⴷⴰ ⴷ ⵜⴳⵛⵛⵓⵍⵜ",ثلاثة واقفون وواحد يلعب بينهم!– الأثافي والممخضة.,"tlata bddn, idj itturar jar-asn  -imssnda d tgshshult","تلاتا بددن, يدج يتتورار جار-اسن  -يمسسندا د تڭششولت","""Three standing and one playing among them! – The stones and the churn."""
"ⵜⵍⴰⵜⴰ ⵏ ⵢⵉⵡⴷⴰⵏ, ⴱⵓⵃⴷⵉⴷⴰ ⴷ ⵃⵎⴷ ⴷ ⵓⵔⴷⴷⴰⵃ  -ⵉⵏⵢⴰⵏ ⴷ ⵜⵎⵕⵎⵉⵟⵜ ⴷ ⵓⵖⵏⵊⴰ",ثلاثة أشخاص بوحديدة وأحمد والراقص!– حجر الموقد والطنجرة والمغرفة.,"tlata n yiwdan, buḥdida d ḥmd d urddaḥ  -inyan d tmṛmiṭt d ughnja","تلاتا ن ييودان, بوحديدا د حمد د وردداح  -ينيان د تمرميطت د وغنجا","Three people: Bouhidida, Ahmed, and the dancer! – The hearthstone, the pot, and the ladle."
"ⵜⵍⴰ ⵢⴰⵄⴷⴷⵉⵙ ⴷ ⵢⵉⵎⵉ, ⵎⴰⵛⴰ ⵓⵔ ⵖⴰⵔ-ⵙ ⵉⵚⵕⵎⴰⵏ  -ⵜⴰⵙⵔⴰⴼⵜ",لديها بطن وفم لكن ليس لها أمعاء!– المطمورة.,"tla ya3ddis d yimi, masha ur ghar-s iṣṛman  -tasraft","تلا ياعدديس د ييمي, ماشا ور غار-س يصرمان  -تاسرافت",It has a belly and a mouth but no intestines! – The well.
"ⵜⵏⵏ ⵖⵔ ⵓⵔ ⵍⵍⵉⵏ ⵉⵟⴰⵕⵏ ⵜⵓⵕⵡ ⵍⴰⵍⵍ ⵉⵟⴰⵕⵏ, ⵍⴰⵍⵍ ⵉⵟⴰⵕⵏ ⵜⵓⵕⵡ ⵜⵏⵏ ⵖⵔ ⵓⵔ ⵍⵍⵉⵏ ⵉⵟⴰⵕⵏ  -ⵜⵢⴰⵥⵉⵟⵜ ⴷ ⵜⵎⵍⵍⴰⵍⵜ",التي ليس لها أرجل أنجبت صاحبة الأرجل، وهذه الأخيرة أنجبت من ليس لها أرجل!– الدجاجة والبيضة.,"tnn ghr ur llin iṭaṛn tuṛw lall iṭaṛn, lall iṭaṛn tuṛw tnn ghr ur llin iṭaṛn  -tyaẓiṭt d tmllalt","تنن غر ور للين يطارن تورو لالل يطارن, لالل يطارن تورو تنن غر ور للين يطارن  -تيازّيطت د تمللالت","The one without legs gave birth to the one with legs, and the latter gave birth to the one without legs! – The chicken and the egg."
"ⵜⵕⵥⵥⵎ ⵢⵉⵛⵜ ⵏ ⵜⵙⴰⵄⵄⴰⵜ, ⵜⵜⵔⵔⴰ ⵍⴱⴷⴰ  -ⵜⴰⵎⵟⵍⵜ",يفتح ساعة ويغلق إلى الأبد!– القبر.,"tṛẓẓm yisht n tsa33at, ttrra lbda  -tamṭlt","ترزّزّم ييشت ن تساععات, تتررا لبدا  -تامطلت","""It opens for an hour and closes forever! – The grave."""
"ⵜⵙⵙⵖⵓⵢⵢ, ⵜⵇⵇⵏ ⵜⴰⵡⵡⵓⵔⵜ  -ⵜⴰⵅⵏⴰ",صرخت وأغلقت الباب!– المؤخرة.,"tssghuyy, tqqn tawwurt  -takhna","تسسغويي, تققن تاووورت  -تاخنا",She screamed and slammed the door shut! – The end.
"ⵜⵙⵙⵓ ⴱⵔⴷⵄ, ⵜⵖⵎⵙ ⴱⵔⴷⵄ, ⵜⵖⵔⴰ ⵕⴱⴱⵉ ⵣⴰⵢⴷ ⴱⵔⴷⵄ  -ⵜⴰⵍⵉⴷⴰⵎⵜ / ⵜⴰⴱⵚⵍⵜ",فرشت ووضعت بردعة، غطت ووضعت بردعة، ودعت ربي زد بردعة!– البصلة.,"tssu brd3, tghms brd3, tghra ṛbbi zayd brd3  -talidamt / tabṣlt","تسسو بردع, تغمس بردع, تغرا رببي زايد بردع  -تاليدامت / تابصلت","""I spread and laid a saddlecloth, covered and laid a saddlecloth, and prayed to my Lord: 'Add more saddlecloths!' – The Onion."""
ⵜⵜⴰⵕⵡ ⴰⵢⵏⵏ ⴷⴰⴳ-ⵙ ⵓⵔ ⵉⵔⵡⵉⵙⵏ  -ⵜⴰⵢⵎⴰⵔⵜ,تنجب ما لا يشبه فيها!– الفرس.,ttaṛw aynn dag-s ur irwisn  -taymart,تتارو اينن داڭ-س ور يرويسن  -تايمارت,Translation Error
"ⵜⵜⴻⵜⵜ ⵓⵔ ⵜⵛⴳⴳⵯⵉ, ⵎⴰ ⵜⵙⵡⴰ ⴰⴷ ⵜⵎⵎⵜ  -ⵜⵉⵎⵙⵙⵉ",تأكل ولا تشبع وإذا شربت تموت!– النار.,"ttett ur tshggⵯi, ma tswa ad tmmt  -timssi","تت°تت ور تشڭڭⵯي, ما تسوا اد تممت  -تيمسسي","It eats but never gets full, and if it drinks, it dies! – Fire."
"ⵜⵜⵉⵏⵉ ⵢⴰⵙ: ⵙⵣⵔⵢⵜ ⵉⵢⵉ ⵣⴳ ⵢⴰⵥⵉⵟⵏ, ⴰⵎⵎⴰ ⵢⵇⵣⵉⵏⵏ ⴰⴷ ⵣⵔⵢⵖ ⵉ ⵢⵉⵅⴼ ⵉⵏⵓ  -ⵜⵉⵛⵟⴼⵜ",تقول: مرروني من الدجاج أما الكلاب سأمر بمفردي!– النملة.,"ttini yas: szryt iyi zg yaẓiṭn, amma yqzinn ad zrygh i yikhf inu  -tishṭft","تتيني ياس: سزريت ييي زڭ يازّيطن, امما يقزينن اد زريغ ي ييخف ينو  -تيشطفت","She says: ""Let me pass through the chickens, but as for the dogs, I will pass on my own!"" – The ant."
"ⵜⵜⵉⵜⵛ ⵓⴷⵉ ⵢⵉ ⵡⵏⵏ ⵜⵓⴼⴰ, ⵓⴷⵊⵉ ⵜⵅⵉⵢⵢⵉⵕ  -ⵜⵖⵉⵔⴷⵎⵜ",تعطي السمن لأي شخص دون اختيار!– العقرب.,"ttitsh udi yi wnn tufa, udji tkhiyyiṛ  -tghirdmt","تتيتش ودي يي ونن توفا, ودجي تخيييير  -تغيردمت","""You give butter to anyone without selection! – The Scorpion."""
"ⵜⵜⵛⵉⵖ ⵓⵍ ⵏⵏⵙ, ⴷⵊⵉⵖ ⵉⵔⵎ ⵏⵏⵙ  -ⴰⵍⵡⵉⵣ",أكلتُ قلبها وتركت جلدها!– لوزة.,"ttshigh ul nns, djigh irm nns  -alwiz","تتشيغ ول ننس, دجيغ يرم ننس  -الويز","""I ate its core and left its skin! – A nut."""
"ⵜⵜⵛⵉⵖ ⵓⵍ ⵏⵏⵙ, ⴷⵊⵉⵖ ⵉⵔⵎ ⵏⵏⵙ  -ⵜⴰⴷⵊⵓⵣⵜ",أكلتُ قلبها وتركت جلدها!– جوزة.,"ttshigh ul nns, djigh irm nns  -tadjuzt","تتشيغ ول ننس, دجيغ يرم ننس  -تادجوزت","""I ate its core and left its skin! – A walnut."""
ⵜⵓⵍⵢ ⴰⴽⴷ ⵓⵖⵣⵔ ⵜⴼⵙⵙⵔ ⵉⵃⵔⴰⵡⵏ  -ⵜⴰⴳⵔⵏⵉⵏⵏⴰ,طلعت مع الوادي تنشر ملابسها!– نبتة حليب الشوك.,tuly akd ughzr tfssr iḥrawn  -tagrninna,تولي اكد وغزر تفسسر يحراون  -تاڭرنيننا,She went out with the valley to spread her clothes! – Milk thistle plant.
ⵜⵓⵍⵢ ⴰⴽⴷ ⵓⵖⵣⵔ ⵜⵙⵙⵍⵉⵍⵉⵡ  -ⵜⴰⴱⵔⵖⴳⴳⵯⴰⵍⵜ,طلعت مع الوادي تزغرد!– طائر مغرد صغير يشبه العصفور.,tuly akd ughzr tssliliw  -tabrghggⵯalt,تولي اكد وغزر تسسليليو  -تابرغڭڭⵯالت,"""She went out with the valley, singing joyfully! – A small songbird resembling a sparrow."""
"ⵜⵓⵍⵢ ⵖⵔ ⵓⴷⵔⴰⵔ, ⵜⵙⵙⵀⵏⵓⵏⵏⵉ ⴷ ⵜⵉⵛⵛⵉⵏ  -ⵜⴰⵎⵛⵟⵜ",صعدت إلى الجبل وأسقطت القمل!– المشط.,"tuly ghr udrar, tsshnunni d tishshin  -tamshṭt","تولي غر ودرار, تسسهنونني د تيششين  -تامشطت","""I climbed the mountain and removed the lice! – The comb."""
"ⵜⵓⵕⵡ ⵉⵜⵏ ⵜⵙⵙⵉⵎⴰ ⵜⵏ, ⵜⵢⴰ ⵊⴰⵔ-ⴰⵙⵏ ⵍⵉⵥⴰⵕ  -ⵜⴰⵕⵎⵎⴰⵏⵜ",أثمرتهم وربتهم ووضعت بينهم إزارا!– الرمانة.,"tuṛw itn tssima tn, tya jar-asn liẓaṛ  -taṛmmant","تورو يتن تسسيما تن, تيا جار-اسن ليزّار  -تارممانت","""I bore them, nurtured them, and placed a veil between them! – The pomegranate."""
"ⵜⵓⵙⴷ ⵣⵣⵉ ⵙⵙⵓⴷⴰⵏ, ⵜⵉⵕⵟ ⵍⴽⵜⵜⴰⵏ  -ⵜⴱⵓⵍⴼⴰⴼⵜ",جاءت من السودان مرتدية الكتان!– قطعة كبد ملفوفة بالشحم.,"tusd zzi ssudan, tiṛṭ lkttan  -tbulfaft","توسد ززي سسودان, تيرط لكتتان  -تبولفافت",She came from Sudan wearing linen! – A piece of liver wrapped in fat.
"ⵜⵓⵜⴼ ⴰⵍⵉⵍⵉ, ⵓⵔ ⵜⵙⵙⵅⵔⵅⵛ  -ⵜⵣⵉⵔⵉ",دخل شجرة الدفلى ولم يحدث ضجيجا!– البدر.,"tutf alili, ur tsskhrkhsh  -tziri","توتف اليلي, ور تسسخرخش  -تزيري",He entered the oleander tree without making a noise! – Al-Badr.
"ⵜⵡⵡⵢ ⴰⵡⴰⵍ, ⵜⵙⵜⵃⴰ ⵓⵔ ⵜⵙⵙⵉⵡⵍ  -ⵜⴰⴱⵔⴰⵜ",أخذت الكلام وخجلت لم تتكلم!– الرسالة.,"twwy awal, tstḥa ur tssiwl  -tabrat","تووي اوال, تستحا ور تسسيول  -تابرات",She took the words and became shy; she did not speak! – The message.
ⵜⵡⵡⵟ ⵖⵔ ⵓⵙⵓⴼ ⵜⵙⵜⵃⴰ  -ⵍⴱⵍⵖⵜ,وصلت إلى النهر وخجلت!– البلغة.,twwṭ ghr usuf tstḥa  -lblght,تووط غر وسوف تستحا  -لبلغت,"""I reached the river and felt shy! – The sandals."""
"ⵜⵥⵕ ⵉⵢⵉ ⵥⵕⵉⵖ ⵜⵜ, ⵜⵄⵊⴱ ⵉⵢⵉ ⵙⵖⵉⵖ ⵜⵜ  -ⵜⵉⵙⵉⵜ",رأتني ورأيتها، أعجبتني فاشتريتها!– المرآة.,"tẓṛ iyi ẓṛigh tt, t3jb iyi sghigh tt  -tisit","تزّر ييي زّريغ تت, تعجب ييي سغيغ تت  -تيسيت","She saw me, and I saw her. I liked her, so I bought her! – The mirror."
ⵜⵥⵡⴰ ⵙⵓⴼ ⵓⵔ ⵜⵓⴼ  -ⵜⵉⵍⵉ,عبر الوادي ولم يغرق!– الظل.,tẓwa suf ur tuf  -tili,تزّوا سوف ور توف  -تيلي,He crossed the valley and did not drown! – The shadow.
ⵜⵥⵡⴰ ⵙⵓⴼ  ⵡⴰⵍⵓ ⵖⴰⵔ-ⵙ ⵜⵉⵍⵉ  -ⵜⵉⵍⵉⵍⵡⵜ,عبرت النهر بدون ظل!– الزغرودة.,tẓwa suf  walu ghar-s tili  -tililwt,تزّوا سوف  والو غار-س تيلي  -تيليلوت,"""I crossed the river without a shadow! – The ululation."""
"ⵜⵥⵡⴰ ⵢⴰⵖⵣⵔ, ⵜⴳⴳⵓⵔ ⵜⵙⵙⵍⵉⵍⵉⵡ  -ⵜⴰⵅⴼⵉⴼⵜ",عبرت الوادي تمشي وتزغرد!– الرصاصة.,"tẓwa yaghzr, tggur tssliliw  -takhfift","تزّوا ياغزر, تڭڭور تسسليليو  -تاخفيفت","""She crossed the valley walking and ululating! – The bullet."""
"ⵜⵥⵥⵍ ⵜⴱⵓⵥⵥⵍ, ⵜⵓⵕⵡ ⵜⴰⵢⵏⴷⵓⵣⵜ  -ⵜⴰⵅⵙⴰⵛⵜ",استلقت وتمددت ووضعت عجلة!– القرعة.,"tẓẓl tbuẓẓl, tuṛw taynduzt  -takhsasht","تزّزّل تبوزّزّل, تورو تايندوزت  -تاخساشت","She lay down, stretched out, and put the wheel! – The lottery."
"ⵟⵟⴳⴳ ⴷⴰ, ⵟⵟⴳⴳ ⴷⵉⵀⴰ, ⵟⵟⴳⴳ ⴰⵡⵔⵏ ⵉ ⵍⴱⵃⵕ  -ⴰⵙⵙⴰⵎⵏ",لمع هنا ولمع هناك ولمع وراء البحر!– البرق.,"ṭṭgg da, ṭṭgg diha, ṭṭgg awrn i lbḥṛ  -assamn","ططڭڭ دا, ططڭڭ ديها, ططڭڭ اورن ي لبحر  -اسسامن","""It flashed here, it flashed there, and it flashed beyond the sea! – The lightning."""
"ⵓⴷⵎ ⵏⵏⵙ ⴷ ⵓⴷⵎ ⵏ ⵙⵙⵍⵟⴰⵏ, ⵍⴼⵄⴰⵢⵍ ⴷ ⵍⴼⵄⴰⵢⵍ ⵏ ⵛⵛⵉⵟⴰⵏ -ⵜⴰⵃⵕⵓⵕⵜ",وجهه وجه السلطان وأفعاله أفعال الشيطان!– الفلفلة.,"udm nns d udm n sslṭan, lf3ayl d lf3ayl n shshiṭan -taḥṛuṛt","ودم ننس د ودم ن سسلطان, لفعايل د لفعايل ن ششيطان -تاحرورت","""His face is that of a sultan, but his actions are those of the devil!"" – Al-Falfala."
ⵓⵃⵍⵖ  ⵜⵜⴽⴱⴱⵉⵖ  ⴷⴰⴳ-ⵙ ⵜⴰⴳⴳ  ⴰⴷ  ⵜⵛⵡⴰ  -ⵜⴰⵙⵉⵔⵜ,تعبتُ من الصب فيها ورفضت الشبع!– المطحنة / الرحى.,uḥlgh  ttkbbigh  dag-s tagg  ad  tshwa  -tasirt,وحلغ  تتكببيغ  داڭ-س تاڭڭ  اد  تشوا  -تاسيرت,"""I grew tired of pouring into it and refused to be satisfied! – The millstone/grinder."""
ⵓⵍⵍⵉ ⵢⵏⵓ ⴷⵔⵙⵏⵜ ⵙ ⵓⴼⵉⵍⵓ ⵢⴰⵣⴳⴳⵯⴰⵖ  -ⵜⵉⵖⵎⴰⵙ,نعاجي مرصوفة بخيط أحمر!– الأسنان.,ulli ynu drsnt s ufilu yazggⵯagh  -tighmas,وللي ينو درسنت س وفيلو يازڭڭⵯاغ  -تيغماس,"""My sheep are lined with a red thread! – The teeth."""
ⵓⵔ ⵉⵙⵙⵉⵡⵉⵍ ⵖⵉⵔ ⵙ ⵓⵄⵎⵓⴷ  -ⵟⵟⴱⵍ,لا يتكلم إلا بالعصا!– الطبل.,ur issiwil ghir s u3mud  -ṭṭbl,ور يسسيويل غير س وعمود  -ططبل,"""He speaks only with the stick! – The drum."""
ⵓⵔ ⵉⵜⴻⵜⵜ ⴰⵍ ⵢⵉⵍⵉ ⵢⴳⴳⵓⵔ  -ⵍⵎⵏⵛⴰⵔ,لا يأكل إلا عندما يسير!– المنشار.,ur itett al yili yggur  -lmnshar,ور يت°تت ال ييلي يڭڭور  -لمنشار,"""He only eats while moving! – The saw."""
"ⵓⵜⴼⵖ ⴰⵅⵅⴰⵎ ⵓⴼⵉⵖ ⵜ ⵉⵜⵜⵛⵓⵕ ⵙ ⵡⴰⴷⴰⵏ, ⵓⵔ ⵓⴼⵉⵖ ⵎⴰⵢⵏ ⵜⵜⵛⵉⵖ  -ⵓⵍⵎⴰⵏ",دخلت المنزل ووجدته ممتلئا بالأمعاء ولم أجد ما آكله!– خيوط الصوف المغزولة.,"utfgh akhkham ufigh t ittshuṛ s wadan, ur ufigh mayn ttshigh  -ulman","وتفغ اخخام وفيغ ت يتتشور س وادان, ور وفيغ ماين تتشيغ  -ولمان",Translation Error
"ⵢⴰⵥⵉⵟ ⵉⵏⵓ ⵢⴽⴽⴰⵍ ⵉⵀⴷⴷⴰ, ⵉⴷⴳⴳⵯⵍ ⴷ ⵙ ⵢⵉⵎⵉ ⵏⵏⵙ ⴷ ⴰⵣⵉⵣⴰ  -ⴰⵎⵊⵔ",ديكي يمضي يومه في الرعي ويعود بفمه أخضرا!– المنجل.,"yaẓiṭ inu ykkal ihdda, idggⵯl d s yimi nns d aziza  -amjr","يازّيط ينو يككال يهددا, يدڭڭⵯل د س ييمي ننس د ازيزا  -امجر","""He spends his day grazing and returns with his mouth green! – The sickle."""
"ⵢⵉⵕⵟ ⴰⵕⵕⵓⵟ ⴰⵎⵍⵍⴰⵍ, ⵉⵜⵜⵡⴰⵄⵕⵟ, ⵉⵕⴰⵃ ⵓⵔ ⴷ ⵉⴷⵡⵉⵍ  -ⴰⵎⵜⵜⵉⵏ",لبس لباسا أبيضا ودعي وذهب ولم يعد!– الميت.,"yiṛṭ aṛṛuṭ amllal, ittwa3ṛṭ, iṛaḥ ur d idwil  -amttin","ييرط ارروط امللال, يتتواعرط, يراح ور د يدويل  -امتتين","He wore white clothing, was prayed for, and left, never to return! – The deceased."
"ⵢⵉⵕⵟ ⴰⵢⵏⵏ ⵓⵔ ⵉⵍⵉ, ⵉⴼⴼⵖ ⵓⵔ ⴷ ⵉⴷⵡⵉⵍ  -ⴰⵎⵜⵜⵉⵏ",لبس ما لا يملك وخرج ولم يعد!– الميت.,"yiṛṭ aynn ur ili, iffgh ur d idwil  -amttin","ييرط اينن ور يلي, يففغ ور د يدويل  -امتتين","""Wore what he did not own and left, never to return! – The deceased."""
"ⵢⵉⵕⵟ ⵉⵙⵙⵎⵉⵕⵟ, ⴰⵎⵎⴰⵙ ⵏⵏⵙ ⴷ ⵓⵔⵖ  -ⴰⴹⵕⴰ",لبس وتلبس وسطه ذهب! – الذرة.,"yiṛṭ issmiṛṭ, ammas nns d urgh  -aḍṛa","ييرط يسسميرط, امماس ننس د ورغ  -اضرا","""Wears and is adorned with gold at its core! – The atom."""
ⵢⵉⵕⵟ ⵜⴰⵊⵍⵍⴰⴱⵜ ⵜⴰⵎⵍⵍⴰⵍⵜ ⴷ ⵓⵀⴷⴷⵓⵏ ⴰⵣⵉⵣⴰ  -ⵍⵇⴰⵍⴱ ⵏ ⵙⵙⴽⴽⵯⴰⵔ,لبس الجلباب الأبيض والبرنس الأزرق!– قالب السكر.,yiṛṭ tajllabt tamllalt d uhddun aziza  -lqalb n sskkⵯar,ييرط تاجللابت تامللالت د وهددون ازيزا  -لقالب ن سسككⵯار,He wore the white robe and the blue cloak! – The sugarloaf.
"ⵢⵓⵍⵢ ⵢⴰⴷ ⵉⵡⴷⴷⵏ, ⵉⵙⵙⵎⵓⵏⵙⵓ ⵎⵉⴷⴷⵏ  -ⵎⴰⴷⵓⵏ",صعد كي يؤذن فعشى الناس!– الكسكاس.,"yuly yad iwddn, issmunsu middn  -madun","يولي ياد يوددن, يسسمونسو ميددن  -مادون","He climbed up to call for prayer, but he blinded the people! – Al-Kaskas."
ⵢⵓⵙⴷ ⵖⴰⵔⵏⵖ ⵓⵏⵓⵊⵉ ⵣⵣⵉ ⵜⵎⵓⵔⵜ ⵓⵔ ⴷⴰⴳ-ⵙ ⵛⴰⵍ -ⴰⵃⵟⵉⵟ,جاء إلينا ضيف من بلاد ليس فيها تراب!– المولود الجديد.,yusd gharngh unuji zzi tmurt ur dag-s shal -aḥṭiṭ,يوسد غارنغ ونوجي ززي تمورت ور داڭ-س شال -احطيط,A guest came to us from a land with no dust! – The newborn.
"ⵢⵓⵙⴷ ⵙⵙⵢⴰ, ⵢⵓⵙⴷ ⵙⵙⵉⵀⴰ, ⵎⵍⴰⴳⴰⵏ ⴷⴳ ⵡⴰⵎⵎⴰⵙ  -ⵉⴱⵔⴷⴰⵏ",جاء من هنا وجاء من هناك والتقوا في الوسط!– الطرق.,"yusd ssya, yusd ssiha, mlagan dg wammas  -ibrdan","يوسد سسيا, يوسد سسيها, ملاڭان دڭ وامماس  -يبردان","He came from here, and he came from there, and they met in the middle! – The roads."
"ⵢⵓⵟⴰ ⴷ ⵣⴳ ⵓⵊⴷⵉⵔ ⵓⵔ ⵉⵎⵎⵓⵜ, ⵉⵙⵙⵉⵖ ⴰⵎⴰⵏ ⵉⵎⵎⵓⵜ  -ⴰⵙⴼⵟ",سقط من الجرف ولم يمت وعندما لمس الماء مات!– المشعل.,"yuṭa d zg ujdir ur immut, issigh aman immut  -asfṭ","يوطا د زڭ وجدير ور يمموت, يسسيغ امان يمموت  -اسفط","He fell off the cliff and didn’t die, but when he touched the water, he died! – The torch."
"ⵢⵓⵟⴰ ⴷ ⵣⴳ ⵓⵊⵏⵏⴰ, ⵓⵔ ⵉⵕⵕⵉⵥ  -ⵍⴽⴰⵖⵉⵟ",سقط من الأعلى ولم يكسر!– الورق.,"yuṭa d zg ujnna, ur iṛṛiẓ  -lkaghiṭ","يوطا د زڭ وجننا, ور يرريزّ  -لكاغيط",It fell from above and did not break! – Paper.
"ⵣⵉⵛ ⵜⴳⴳⵓⵔ ⵣⵜⴰⵜ-ⵉ, ⵜⴰⵎⴷⴷⵉⵜ ⵜⴳⴳⵓⵔ ⵣⴷⴼⴼⵔ-ⵉ  -ⵜⵉⵍⵉ",صباحا يمشي أمامي ومساء يمشي ورائي!– الظل.,"zish tggur ztat-i, tamddit tggur zdffr-i  -tili","زيش تڭڭور زتات-ي, تامدديت تڭڭور زدففر-ي  -تيلي","""In the morning, it walks ahead of me, and in the evening, it walks behind me! – The shadow."""
"ⵥⵕⵉⵖ ⵜⵜ ⵜⵥⵕ ⵉⵢⵉ, ⵜⵏⵟⵡ ⴷ ⵅⴰⴼ-ⵉ ⵜⵙⵙⴼⵊⵄ ⵉⵢⵉ  -ⵜⵉⵙⵉⵜ",رأيتها ورأتني، قفزت علي وأخافتني!– المرآة.,"ẓṛigh tt tẓṛ iyi, tnṭw d khaf-i tssfj3 iyi  -tisit","زّريغ تت تزّر ييي, تنطو د خاف-ي تسسفجع ييي  -تيسيت","I saw it, and it saw me; it jumped at me and scared me! – The mirror."
"ⵄⵎⵎⵉ ⴱⵍⴱⵓⴼ, ⵉⵏⵙⵙ ⴱⵕⵕⴰ ⵓⵔ ⵉⵜⵜⵓⴼ  -ⴰⴼⵏⵢⴰⵕ ⵓⵍⵓⵎ","عمي ""بلبوف"" يبيت في العراء ولا يتبلل!– كومة تبن.","3mmi blbuf, inss bṛṛa ur ittuf  -afnyaṛ ulum","عممي بلبوف, ينسس بررا ور يتتوف  -افنيار ولوم","""My uncle 'Balbof' sleeps out in the open and doesn't get wet! – A pile of hay."""
